solid ASCII
  facet normal 6.123234e-17 1.000000e+00 6.123234e-17
    outer loop
      vertex   6.800000e+01 0.000000e+00 -1.200000e+01
      vertex   6.500000e+01 0.000000e+00 -9.000000e+00
      vertex   6.800000e+01 -1.469419e-15 1.199743e+01
    endloop
  endfacet
  facet normal 4.898063e-16 1.000000e+00 0.000000e+00
    outer loop
      vertex   6.800000e+01 -1.469419e-15 1.199743e+01
      vertex   6.500000e+01 0.000000e+00 -9.000000e+00
      vertex   6.500000e+01 0.000000e+00 8.997433e+00
    endloop
  endfacet
  facet normal 0.000000e+00 1.000000e+00 4.898063e-16
    outer loop
      vertex   6.800000e+01 -1.469419e-15 1.199743e+01
      vertex   6.500000e+01 0.000000e+00 8.997433e+00
      vertex   2.000000e+01 -1.469419e-15 1.199743e+01
    endloop
  endfacet
  facet normal -2.448944e-17 1.000000e+00 1.224647e-16
    outer loop
      vertex   2.000000e+01 -1.469419e-15 1.199743e+01
      vertex   6.500000e+01 0.000000e+00 8.997433e+00
      vertex   2.000000e+01 -1.102025e-15 8.997433e+00
    endloop
  endfacet
  facet normal 0.000000e+00 1.000000e+00 0.000000e+00
    outer loop
      vertex   6.800000e+01 0.000000e+00 -1.200000e+01
      vertex   2.000000e+01 0.000000e+00 -1.200000e+01
      vertex   6.500000e+01 0.000000e+00 -9.000000e+00
    endloop
  endfacet
  facet normal 0.000000e+00 1.000000e+00 0.000000e+00
    outer loop
      vertex   6.500000e+01 0.000000e+00 -9.000000e+00
      vertex   2.000000e+01 0.000000e+00 -1.200000e+01
      vertex   2.000000e+01 0.000000e+00 -9.000000e+00
    endloop
  endfacet
  facet normal -1.000000e+00 0.000000e+00 -0.000000e+00
    outer loop
      vertex   6.500000e+01 0.000000e+00 8.997433e+00
      vertex   6.500000e+01 0.000000e+00 -9.000000e+00
      vertex   6.500000e+01 -7.842898e-01 8.963190e+00
    endloop
  endfacet
  facet normal -1.000000e+00 0.000000e+00 -0.000000e+00
    outer loop
      vertex   6.500000e+01 -7.842898e-01 8.963190e+00
      vertex   6.500000e+01 0.000000e+00 -9.000000e+00
      vertex   6.500000e+01 -7.842898e-01 -8.965757e+00
    endloop
  endfacet
  facet normal -1.000000e+00 0.000000e+00 0.000000e+00
    outer loop
      vertex   6.500000e+01 -7.842898e-01 8.963190e+00
      vertex   6.500000e+01 -7.842898e-01 -8.965757e+00
      vertex   6.500000e+01 -1.562611e+00 8.860722e+00
    endloop
  endfacet
  facet normal -1.000000e+00 0.000000e+00 -0.000000e+00
    outer loop
      vertex   6.500000e+01 -1.562611e+00 8.860722e+00
      vertex   6.500000e+01 -7.842898e-01 -8.965757e+00
      vertex   6.500000e+01 -1.562611e+00 -8.863289e+00
    endloop
  endfacet
  facet normal -1.000000e+00 0.000000e+00 0.000000e+00
    outer loop
      vertex   6.500000e+01 -1.562611e+00 8.860722e+00
      vertex   6.500000e+01 -1.562611e+00 -8.863289e+00
      vertex   6.500000e+01 -2.329039e+00 8.690809e+00
    endloop
  endfacet
  facet normal -1.000000e+00 0.000000e+00 -0.000000e+00
    outer loop
      vertex   6.500000e+01 -2.329039e+00 8.690809e+00
      vertex   6.500000e+01 -1.562611e+00 -8.863289e+00
      vertex   6.500000e+01 -2.329039e+00 -8.693376e+00
    endloop
  endfacet
  facet normal -1.000000e+00 0.000000e+00 0.000000e+00
    outer loop
      vertex   6.500000e+01 -2.329039e+00 8.690809e+00
      vertex   6.500000e+01 -2.329039e+00 -8.693376e+00
      vertex   6.500000e+01 -3.077742e+00 8.454744e+00
    endloop
  endfacet
  facet normal -1.000000e+00 0.000000e+00 -0.000000e+00
    outer loop
      vertex   6.500000e+01 -3.077742e+00 8.454744e+00
      vertex   6.500000e+01 -2.329039e+00 -8.693376e+00
      vertex   6.500000e+01 -3.077742e+00 -8.457311e+00
    endloop
  endfacet
  facet normal -1.000000e+00 0.000000e+00 0.000000e+00
    outer loop
      vertex   6.500000e+01 -3.077742e+00 8.454744e+00
      vertex   6.500000e+01 -3.077742e+00 -8.457311e+00
      vertex   6.500000e+01 -3.803022e+00 8.154323e+00
    endloop
  endfacet
  facet normal -1.000000e+00 0.000000e+00 -0.000000e+00
    outer loop
      vertex   6.500000e+01 -3.803022e+00 8.154323e+00
      vertex   6.500000e+01 -3.077742e+00 -8.457311e+00
      vertex   6.500000e+01 -3.803022e+00 -8.156890e+00
    endloop
  endfacet
  facet normal -1.000000e+00 0.000000e+00 0.000000e+00
    outer loop
      vertex   6.500000e+01 -3.803022e+00 8.154323e+00
      vertex   6.500000e+01 -3.803022e+00 -8.156890e+00
      vertex   6.500000e+01 -4.499358e+00 7.791833e+00
    endloop
  endfacet
  facet normal -1.000000e+00 0.000000e+00 -0.000000e+00
    outer loop
      vertex   6.500000e+01 -4.499358e+00 7.791833e+00
      vertex   6.500000e+01 -3.803022e+00 -8.156890e+00
      vertex   6.500000e+01 -4.499358e+00 -7.794401e+00
    endloop
  endfacet
  facet normal -1.000000e+00 0.000000e+00 0.000000e+00
    outer loop
      vertex   6.500000e+01 -4.499358e+00 7.791833e+00
      vertex   6.500000e+01 -4.499358e+00 -7.794401e+00
      vertex   6.500000e+01 -5.161452e+00 7.370033e+00
    endloop
  endfacet
  facet normal -1.000000e+00 0.000000e+00 -0.000000e+00
    outer loop
      vertex   6.500000e+01 -5.161452e+00 7.370033e+00
      vertex   6.500000e+01 -4.499358e+00 -7.794401e+00
      vertex   6.500000e+01 -5.161452e+00 -7.372601e+00
    endloop
  endfacet
  facet normal -1.000000e+00 0.000000e+00 0.000000e+00
    outer loop
      vertex   6.500000e+01 -5.161452e+00 7.370033e+00
      vertex   6.500000e+01 -5.161452e+00 -7.372601e+00
      vertex   6.500000e+01 -5.784263e+00 6.892133e+00
    endloop
  endfacet
  facet normal -1.000000e+00 0.000000e+00 -0.000000e+00
    outer loop
      vertex   6.500000e+01 -5.784263e+00 6.892133e+00
      vertex   6.500000e+01 -5.161452e+00 -7.372601e+00
      vertex   6.500000e+01 -5.784263e+00 -6.894700e+00
    endloop
  endfacet
  facet normal -1.000000e+00 0.000000e+00 0.000000e+00
    outer loop
      vertex   6.500000e+01 -5.784263e+00 6.892133e+00
      vertex   6.500000e+01 -5.784263e+00 -6.894700e+00
      vertex   6.500000e+01 -6.363053e+00 6.361770e+00
    endloop
  endfacet
  facet normal -1.000000e+00 0.000000e+00 -0.000000e+00
    outer loop
      vertex   6.500000e+01 -6.363053e+00 6.361770e+00
      vertex   6.500000e+01 -5.784263e+00 -6.894700e+00
      vertex   6.500000e+01 -6.363053e+00 -6.364337e+00
    endloop
  endfacet
  facet normal -1.000000e+00 0.000000e+00 0.000000e+00
    outer loop
      vertex   6.500000e+01 -6.363053e+00 6.361770e+00
      vertex   6.500000e+01 -6.363053e+00 -6.364337e+00
      vertex   6.500000e+01 -6.893417e+00 5.782980e+00
    endloop
  endfacet
  facet normal -1.000000e+00 0.000000e+00 -0.000000e+00
    outer loop
      vertex   6.500000e+01 -6.893417e+00 5.782980e+00
      vertex   6.500000e+01 -6.363053e+00 -6.364337e+00
      vertex   6.500000e+01 -6.893417e+00 -5.785547e+00
    endloop
  endfacet
  facet normal -1.000000e+00 0.000000e+00 0.000000e+00
    outer loop
      vertex   6.500000e+01 -6.893417e+00 5.782980e+00
      vertex   6.500000e+01 -6.893417e+00 -5.785547e+00
      vertex   6.500000e+01 -7.371317e+00 5.160168e+00
    endloop
  endfacet
  facet normal -1.000000e+00 0.000000e+00 0.000000e+00
    outer loop
      vertex   6.500000e+01 -7.371317e+00 5.160168e+00
      vertex   6.500000e+01 -6.893417e+00 -5.785547e+00
      vertex   6.500000e+01 -7.371317e+00 -5.162735e+00
    endloop
  endfacet
  facet normal -1.000000e+00 0.000000e+00 -0.000000e+00
    outer loop
      vertex   6.500000e+01 -7.371317e+00 5.160168e+00
      vertex   6.500000e+01 -7.371317e+00 -5.162735e+00
      vertex   6.500000e+01 -7.793117e+00 4.498075e+00
    endloop
  endfacet
  facet normal -1.000000e+00 0.000000e+00 0.000000e+00
    outer loop
      vertex   6.500000e+01 -7.793117e+00 4.498075e+00
      vertex   6.500000e+01 -7.371317e+00 -5.162735e+00
      vertex   6.500000e+01 -7.793117e+00 -4.500642e+00
    endloop
  endfacet
  facet normal -1.000000e+00 0.000000e+00 -0.000000e+00
    outer loop
      vertex   6.500000e+01 -7.793117e+00 4.498075e+00
      vertex   6.500000e+01 -7.793117e+00 -4.500642e+00
      vertex   6.500000e+01 -8.155607e+00 3.801738e+00
    endloop
  endfacet
  facet normal -1.000000e+00 0.000000e+00 -0.000000e+00
    outer loop
      vertex   6.500000e+01 -8.155607e+00 3.801738e+00
      vertex   6.500000e+01 -7.793117e+00 -4.500642e+00
      vertex   6.500000e+01 -8.155607e+00 -3.804305e+00
    endloop
  endfacet
  facet normal -1.000000e+00 0.000000e+00 0.000000e+00
    outer loop
      vertex   6.500000e+01 -8.155607e+00 3.801738e+00
      vertex   6.500000e+01 -8.155607e+00 -3.804305e+00
      vertex   6.500000e+01 -8.456027e+00 3.076459e+00
    endloop
  endfacet
  facet normal -1.000000e+00 0.000000e+00 0.000000e+00
    outer loop
      vertex   6.500000e+01 -8.456027e+00 3.076459e+00
      vertex   6.500000e+01 -8.155607e+00 -3.804305e+00
      vertex   6.500000e+01 -8.456027e+00 -3.079026e+00
    endloop
  endfacet
  facet normal -1.000000e+00 0.000000e+00 -0.000000e+00
    outer loop
      vertex   6.500000e+01 -8.456027e+00 3.076459e+00
      vertex   6.500000e+01 -8.456027e+00 -3.079026e+00
      vertex   6.500000e+01 -8.692093e+00 2.327756e+00
    endloop
  endfacet
  facet normal -1.000000e+00 0.000000e+00 -0.000000e+00
    outer loop
      vertex   6.500000e+01 -8.692093e+00 2.327756e+00
      vertex   6.500000e+01 -8.456027e+00 -3.079026e+00
      vertex   6.500000e+01 -8.692093e+00 -2.330323e+00
    endloop
  endfacet
  facet normal -1.000000e+00 0.000000e+00 0.000000e+00
    outer loop
      vertex   6.500000e+01 -8.692093e+00 2.327756e+00
      vertex   6.500000e+01 -8.692093e+00 -2.330323e+00
      vertex   6.500000e+01 -8.862006e+00 1.561327e+00
    endloop
  endfacet
  facet normal -1.000000e+00 0.000000e+00 -0.000000e+00
    outer loop
      vertex   6.500000e+01 -8.862006e+00 1.561327e+00
      vertex   6.500000e+01 -8.692093e+00 -2.330323e+00
      vertex   6.500000e+01 -8.862006e+00 -1.563894e+00
    endloop
  endfacet
  facet normal -1.000000e+00 0.000000e+00 0.000000e+00
    outer loop
      vertex   6.500000e+01 -8.862006e+00 1.561327e+00
      vertex   6.500000e+01 -8.862006e+00 -1.563894e+00
      vertex   6.500000e+01 -8.964474e+00 7.830063e-01
    endloop
  endfacet
  facet normal -1.000000e+00 0.000000e+00 0.000000e+00
    outer loop
      vertex   6.500000e+01 -8.964474e+00 7.830063e-01
      vertex   6.500000e+01 -8.862006e+00 -1.563894e+00
      vertex   6.500000e+01 -8.964474e+00 -7.855734e-01
    endloop
  endfacet
  facet normal -1.000000e+00 0.000000e+00 -0.000000e+00
    outer loop
      vertex   6.500000e+01 -8.964474e+00 7.830063e-01
      vertex   6.500000e+01 -8.964474e+00 -7.855734e-01
      vertex   6.500000e+01 -8.998716e+00 -1.283549e-03
    endloop
  endfacet
  facet normal -1.000000e+00 -0.000000e+00 0.000000e+00
    outer loop
      vertex   2.000000e+01 -1.102025e-15 8.997433e+00
      vertex   2.000000e+01 -7.842898e-01 8.963190e+00
      vertex   2.000000e+01 -1.469419e-15 1.199743e+01
    endloop
  endfacet
  facet normal -1.000000e+00 0.000000e+00 0.000000e+00
    outer loop
      vertex   2.000000e+01 -1.469419e-15 1.199743e+01
      vertex   2.000000e+01 -7.842898e-01 8.963190e+00
      vertex   2.000000e+01 -8.966652e-01 1.196388e+01
    endloop
  endfacet
  facet normal -1.000000e+00 0.000000e+00 -0.000000e+00
    outer loop
      vertex   2.000000e+01 -8.966652e-01 1.196388e+01
      vertex   2.000000e+01 -7.842898e-01 8.963190e+00
      vertex   2.000000e+01 -1.562611e+00 8.860722e+00
    endloop
  endfacet
  facet normal -1.000000e+00 0.000000e+00 0.000000e+00
    outer loop
      vertex   2.000000e+01 -8.966652e-01 1.196388e+01
      vertex   2.000000e+01 -1.562611e+00 8.860722e+00
      vertex   2.000000e+01 -1.788316e+00 1.186342e+01
    endloop
  endfacet
  facet normal -1.000000e+00 0.000000e+00 -0.000000e+00
    outer loop
      vertex   2.000000e+01 -1.788316e+00 1.186342e+01
      vertex   2.000000e+01 -1.562611e+00 8.860722e+00
      vertex   2.000000e+01 -2.329039e+00 8.690809e+00
    endloop
  endfacet
  facet normal -1.000000e+00 0.000000e+00 0.000000e+00
    outer loop
      vertex   2.000000e+01 -1.788316e+00 1.186342e+01
      vertex   2.000000e+01 -2.329039e+00 8.690809e+00
      vertex   2.000000e+01 -2.669966e+00 1.169660e+01
    endloop
  endfacet
  facet normal -1.000000e+00 0.000000e+00 -0.000000e+00
    outer loop
      vertex   2.000000e+01 -2.669966e+00 1.169660e+01
      vertex   2.000000e+01 -2.329039e+00 8.690809e+00
      vertex   2.000000e+01 -3.077742e+00 8.454744e+00
    endloop
  endfacet
  facet normal -1.000000e+00 0.000000e+00 0.000000e+00
    outer loop
      vertex   2.000000e+01 -2.669966e+00 1.169660e+01
      vertex   2.000000e+01 -3.077742e+00 8.454744e+00
      vertex   2.000000e+01 -3.536684e+00 1.146436e+01
    endloop
  endfacet
  facet normal -1.000000e+00 0.000000e+00 -0.000000e+00
    outer loop
      vertex   2.000000e+01 -3.536684e+00 1.146436e+01
      vertex   2.000000e+01 -3.077742e+00 8.454744e+00
      vertex   2.000000e+01 -3.803022e+00 8.154323e+00
    endloop
  endfacet
  facet normal -1.000000e+00 0.000000e+00 0.000000e+00
    outer loop
      vertex   2.000000e+01 -3.536684e+00 1.146436e+01
      vertex   2.000000e+01 -3.803022e+00 8.154323e+00
      vertex   2.000000e+01 -4.383623e+00 1.116801e+01
    endloop
  endfacet
  facet normal -1.000000e+00 0.000000e+00 -0.000000e+00
    outer loop
      vertex   2.000000e+01 -4.383623e+00 1.116801e+01
      vertex   2.000000e+01 -3.803022e+00 8.154323e+00
      vertex   2.000000e+01 -4.499358e+00 7.791834e+00
    endloop
  endfacet
  facet normal -1.000000e+00 0.000000e+00 0.000000e+00
    outer loop
      vertex   2.000000e+01 -4.383623e+00 1.116801e+01
      vertex   2.000000e+01 -4.499358e+00 7.791834e+00
      vertex   2.000000e+01 -5.206048e+00 1.080919e+01
    endloop
  endfacet
  facet normal -1.000000e+00 0.000000e+00 0.000000e+00
    outer loop
      vertex   2.000000e+01 -5.206048e+00 1.080919e+01
      vertex   2.000000e+01 -4.499358e+00 7.791834e+00
      vertex   2.000000e+01 -5.161452e+00 7.370034e+00
    endloop
  endfacet
  facet normal -1.000000e+00 0.000000e+00 -0.000000e+00
    outer loop
      vertex   2.000000e+01 -5.206048e+00 1.080919e+01
      vertex   2.000000e+01 -5.161452e+00 7.370034e+00
      vertex   2.000000e+01 -5.999358e+00 1.038991e+01
    endloop
  endfacet
  facet normal -1.000000e+00 0.000000e+00 0.000000e+00
    outer loop
      vertex   2.000000e+01 -5.999358e+00 1.038991e+01
      vertex   2.000000e+01 -5.161452e+00 7.370034e+00
      vertex   2.000000e+01 -5.784264e+00 6.892133e+00
    endloop
  endfacet
  facet normal -1.000000e+00 0.000000e+00 -0.000000e+00
    outer loop
      vertex   2.000000e+01 -5.999358e+00 1.038991e+01
      vertex   2.000000e+01 -5.784264e+00 6.892133e+00
      vertex   2.000000e+01 -6.759118e+00 9.912521e+00
    endloop
  endfacet
  facet normal -1.000000e+00 0.000000e+00 0.000000e+00
    outer loop
      vertex   2.000000e+01 -6.759118e+00 9.912521e+00
      vertex   2.000000e+01 -5.784264e+00 6.892133e+00
      vertex   2.000000e+01 -6.363054e+00 6.361770e+00
    endloop
  endfacet
  facet normal -1.000000e+00 0.000000e+00 -0.000000e+00
    outer loop
      vertex   2.000000e+01 -6.759118e+00 9.912521e+00
      vertex   2.000000e+01 -6.363054e+00 6.361770e+00
      vertex   2.000000e+01 -7.481077e+00 9.379691e+00
    endloop
  endfacet
  facet normal -1.000000e+00 0.000000e+00 0.000000e+00
    outer loop
      vertex   2.000000e+01 -7.481077e+00 9.379691e+00
      vertex   2.000000e+01 -6.363054e+00 6.361770e+00
      vertex   2.000000e+01 -6.893417e+00 5.782980e+00
    endloop
  endfacet
  facet normal -1.000000e+00 0.000000e+00 -0.000000e+00
    outer loop
      vertex   2.000000e+01 -7.481077e+00 9.379691e+00
      vertex   2.000000e+01 -6.893417e+00 5.782980e+00
      vertex   2.000000e+01 -8.161200e+00 8.794398e+00
    endloop
  endfacet
  facet normal -1.000000e+00 0.000000e+00 0.000000e+00
    outer loop
      vertex   2.000000e+01 -8.161200e+00 8.794398e+00
      vertex   2.000000e+01 -6.893417e+00 5.782980e+00
      vertex   2.000000e+01 -7.371317e+00 5.160168e+00
    endloop
  endfacet
  facet normal -1.000000e+00 0.000000e+00 -0.000000e+00
    outer loop
      vertex   2.000000e+01 -8.161200e+00 8.794398e+00
      vertex   2.000000e+01 -7.371317e+00 5.160168e+00
      vertex   2.000000e+01 -8.795682e+00 8.159916e+00
    endloop
  endfacet
  facet normal -1.000000e+00 0.000000e+00 0.000000e+00
    outer loop
      vertex   2.000000e+01 -8.795682e+00 8.159916e+00
      vertex   2.000000e+01 -7.371317e+00 5.160168e+00
      vertex   2.000000e+01 -7.793117e+00 4.498075e+00
    endloop
  endfacet
  facet normal -1.000000e+00 0.000000e+00 -0.000000e+00
    outer loop
      vertex   2.000000e+01 -8.795682e+00 8.159916e+00
      vertex   2.000000e+01 -7.793117e+00 4.498075e+00
      vertex   2.000000e+01 -9.380974e+00 7.479794e+00
    endloop
  endfacet
  facet normal -1.000000e+00 0.000000e+00 0.000000e+00
    outer loop
      vertex   2.000000e+01 -9.380974e+00 7.479794e+00
      vertex   2.000000e+01 -7.793117e+00 4.498075e+00
      vertex   2.000000e+01 -8.155607e+00 3.801738e+00
    endloop
  endfacet
  facet normal -1.000000e+00 0.000000e+00 -0.000000e+00
    outer loop
      vertex   2.000000e+01 -9.380974e+00 7.479794e+00
      vertex   2.000000e+01 -8.155607e+00 3.801738e+00
      vertex   2.000000e+01 -9.913805e+00 6.757834e+00
    endloop
  endfacet
  facet normal -1.000000e+00 0.000000e+00 0.000000e+00
    outer loop
      vertex   2.000000e+01 -9.913805e+00 6.757834e+00
      vertex   2.000000e+01 -8.155607e+00 3.801738e+00
      vertex   2.000000e+01 -8.456028e+00 3.076459e+00
    endloop
  endfacet
  facet normal -1.000000e+00 0.000000e+00 -0.000000e+00
    outer loop
      vertex   2.000000e+01 -9.913805e+00 6.757834e+00
      vertex   2.000000e+01 -8.456028e+00 3.076459e+00
      vertex   2.000000e+01 -1.039119e+01 5.998075e+00
    endloop
  endfacet
  facet normal -1.000000e+00 0.000000e+00 0.000000e+00
    outer loop
      vertex   2.000000e+01 -1.039119e+01 5.998075e+00
      vertex   2.000000e+01 -8.456028e+00 3.076459e+00
      vertex   2.000000e+01 -8.692093e+00 2.327756e+00
    endloop
  endfacet
  facet normal -1.000000e+00 0.000000e+00 -0.000000e+00
    outer loop
      vertex   2.000000e+01 -1.039119e+01 5.998075e+00
      vertex   2.000000e+01 -8.692093e+00 2.327756e+00
      vertex   2.000000e+01 -1.081047e+01 5.204764e+00
    endloop
  endfacet
  facet normal -1.000000e+00 0.000000e+00 -0.000000e+00
    outer loop
      vertex   2.000000e+01 -1.081047e+01 5.204764e+00
      vertex   2.000000e+01 -8.692093e+00 2.327756e+00
      vertex   2.000000e+01 -1.116929e+01 4.382340e+00
    endloop
  endfacet
  facet normal -1.000000e+00 0.000000e+00 0.000000e+00
    outer loop
      vertex   2.000000e+01 -1.116929e+01 4.382340e+00
      vertex   2.000000e+01 -8.692093e+00 2.327756e+00
      vertex   2.000000e+01 -8.862006e+00 1.561327e+00
    endloop
  endfacet
  facet normal -1.000000e+00 0.000000e+00 -0.000000e+00
    outer loop
      vertex   2.000000e+01 -1.116929e+01 4.382340e+00
      vertex   2.000000e+01 -8.862006e+00 1.561327e+00
      vertex   2.000000e+01 -1.146565e+01 3.535400e+00
    endloop
  endfacet
  facet normal -1.000000e+00 0.000000e+00 0.000000e+00
    outer loop
      vertex   2.000000e+01 -1.146565e+01 3.535400e+00
      vertex   2.000000e+01 -8.862006e+00 1.561327e+00
      vertex   2.000000e+01 -8.964474e+00 7.830063e-01
    endloop
  endfacet
  facet normal -1.000000e+00 0.000000e+00 -0.000000e+00
    outer loop
      vertex   2.000000e+01 -1.146565e+01 3.535400e+00
      vertex   2.000000e+01 -8.964474e+00 7.830063e-01
      vertex   2.000000e+01 -1.169788e+01 2.668682e+00
    endloop
  endfacet
  facet normal -1.000000e+00 0.000000e+00 -0.000000e+00
    outer loop
      vertex   2.000000e+01 -1.169788e+01 2.668682e+00
      vertex   2.000000e+01 -8.964474e+00 7.830063e-01
      vertex   2.000000e+01 -1.186470e+01 1.787032e+00
    endloop
  endfacet
  facet normal -1.000000e+00 0.000000e+00 -0.000000e+00
    outer loop
      vertex   2.000000e+01 -1.186470e+01 1.787032e+00
      vertex   2.000000e+01 -8.964474e+00 7.830063e-01
      vertex   2.000000e+01 -1.196517e+01 8.953817e-01
    endloop
  endfacet
  facet normal -1.000000e+00 0.000000e+00 0.000000e+00
    outer loop
      vertex   2.000000e+01 -1.196517e+01 8.953817e-01
      vertex   2.000000e+01 -8.964474e+00 7.830063e-01
      vertex   2.000000e+01 -8.998717e+00 -1.283549e-03
    endloop
  endfacet
  facet normal -1.000000e+00 0.000000e+00 -0.000000e+00
    outer loop
      vertex   2.000000e+01 -1.196517e+01 8.953817e-01
      vertex   2.000000e+01 -8.998717e+00 -1.283549e-03
      vertex   2.000000e+01 -1.199872e+01 -1.283549e-03
    endloop
  endfacet
  facet normal -1.000000e+00 0.000000e+00 0.000000e+00
    outer loop
      vertex   2.000000e+01 -1.199872e+01 -1.283549e-03
      vertex   2.000000e+01 -8.998717e+00 -1.283549e-03
      vertex   2.000000e+01 -1.196517e+01 -8.979488e-01
    endloop
  endfacet
  facet normal -1.000000e+00 0.000000e+00 0.000000e+00
    outer loop
      vertex   2.000000e+01 -1.196517e+01 -8.979488e-01
      vertex   2.000000e+01 -8.998717e+00 -1.283549e-03
      vertex   2.000000e+01 -8.964474e+00 -7.855734e-01
    endloop
  endfacet
  facet normal -1.000000e+00 0.000000e+00 0.000000e+00
    outer loop
      vertex   2.000000e+01 -1.196517e+01 -8.979488e-01
      vertex   2.000000e+01 -8.964474e+00 -7.855734e-01
      vertex   2.000000e+01 -1.186470e+01 -1.789599e+00
    endloop
  endfacet
  facet normal -1.000000e+00 0.000000e+00 0.000000e+00
    outer loop
      vertex   2.000000e+01 -1.186470e+01 -1.789599e+00
      vertex   2.000000e+01 -8.964474e+00 -7.855734e-01
      vertex   2.000000e+01 -1.169788e+01 -2.671249e+00
    endloop
  endfacet
  facet normal -1.000000e+00 0.000000e+00 0.000000e+00
    outer loop
      vertex   2.000000e+01 -1.169788e+01 -2.671249e+00
      vertex   2.000000e+01 -8.964474e+00 -7.855734e-01
      vertex   2.000000e+01 -1.146565e+01 -3.537967e+00
    endloop
  endfacet
  facet normal -1.000000e+00 0.000000e+00 0.000000e+00
    outer loop
      vertex   2.000000e+01 -1.146565e+01 -3.537967e+00
      vertex   2.000000e+01 -8.964474e+00 -7.855734e-01
      vertex   2.000000e+01 -8.862006e+00 -1.563894e+00
    endloop
  endfacet
  facet normal -1.000000e+00 0.000000e+00 0.000000e+00
    outer loop
      vertex   2.000000e+01 -1.146565e+01 -3.537967e+00
      vertex   2.000000e+01 -8.862006e+00 -1.563894e+00
      vertex   2.000000e+01 -1.116929e+01 -4.384907e+00
    endloop
  endfacet
  facet normal -1.000000e+00 0.000000e+00 0.000000e+00
    outer loop
      vertex   2.000000e+01 -1.116929e+01 -4.384907e+00
      vertex   2.000000e+01 -8.862006e+00 -1.563894e+00
      vertex   2.000000e+01 -8.692093e+00 -2.330323e+00
    endloop
  endfacet
  facet normal -1.000000e+00 0.000000e+00 0.000000e+00
    outer loop
      vertex   2.000000e+01 -1.116929e+01 -4.384907e+00
      vertex   2.000000e+01 -8.692093e+00 -2.330323e+00
      vertex   2.000000e+01 -1.081047e+01 -5.207332e+00
    endloop
  endfacet
  facet normal -1.000000e+00 0.000000e+00 0.000000e+00
    outer loop
      vertex   2.000000e+01 -1.081047e+01 -5.207332e+00
      vertex   2.000000e+01 -8.692093e+00 -2.330323e+00
      vertex   2.000000e+01 -1.039119e+01 -6.000642e+00
    endloop
  endfacet
  facet normal -1.000000e+00 0.000000e+00 0.000000e+00
    outer loop
      vertex   2.000000e+01 -1.039119e+01 -6.000642e+00
      vertex   2.000000e+01 -8.692093e+00 -2.330323e+00
      vertex   2.000000e+01 -8.456028e+00 -3.079026e+00
    endloop
  endfacet
  facet normal -1.000000e+00 0.000000e+00 0.000000e+00
    outer loop
      vertex   2.000000e+01 -1.039119e+01 -6.000642e+00
      vertex   2.000000e+01 -8.456028e+00 -3.079026e+00
      vertex   2.000000e+01 -9.913805e+00 -6.760401e+00
    endloop
  endfacet
  facet normal -1.000000e+00 0.000000e+00 0.000000e+00
    outer loop
      vertex   2.000000e+01 -9.913805e+00 -6.760401e+00
      vertex   2.000000e+01 -8.456028e+00 -3.079026e+00
      vertex   2.000000e+01 -8.155607e+00 -3.804306e+00
    endloop
  endfacet
  facet normal -1.000000e+00 0.000000e+00 0.000000e+00
    outer loop
      vertex   2.000000e+01 -9.913805e+00 -6.760401e+00
      vertex   2.000000e+01 -8.155607e+00 -3.804306e+00
      vertex   2.000000e+01 -9.380974e+00 -7.482361e+00
    endloop
  endfacet
  facet normal -1.000000e+00 0.000000e+00 0.000000e+00
    outer loop
      vertex   2.000000e+01 -9.380974e+00 -7.482361e+00
      vertex   2.000000e+01 -8.155607e+00 -3.804306e+00
      vertex   2.000000e+01 -7.793117e+00 -4.500642e+00
    endloop
  endfacet
  facet normal -1.000000e+00 0.000000e+00 0.000000e+00
    outer loop
      vertex   2.000000e+01 -9.380974e+00 -7.482361e+00
      vertex   2.000000e+01 -7.793117e+00 -4.500642e+00
      vertex   2.000000e+01 -8.795682e+00 -8.162483e+00
    endloop
  endfacet
  facet normal -1.000000e+00 0.000000e+00 0.000000e+00
    outer loop
      vertex   2.000000e+01 -8.795682e+00 -8.162483e+00
      vertex   2.000000e+01 -7.793117e+00 -4.500642e+00
      vertex   2.000000e+01 -7.371317e+00 -5.162735e+00
    endloop
  endfacet
  facet normal -1.000000e+00 0.000000e+00 0.000000e+00
    outer loop
      vertex   2.000000e+01 -8.795682e+00 -8.162483e+00
      vertex   2.000000e+01 -7.371317e+00 -5.162735e+00
      vertex   2.000000e+01 -8.161200e+00 -8.796965e+00
    endloop
  endfacet
  facet normal -1.000000e+00 0.000000e+00 0.000000e+00
    outer loop
      vertex   2.000000e+01 -8.161200e+00 -8.796965e+00
      vertex   2.000000e+01 -7.371317e+00 -5.162735e+00
      vertex   2.000000e+01 -6.893417e+00 -5.785547e+00
    endloop
  endfacet
  facet normal -1.000000e+00 0.000000e+00 0.000000e+00
    outer loop
      vertex   2.000000e+01 -8.161200e+00 -8.796965e+00
      vertex   2.000000e+01 -6.893417e+00 -5.785547e+00
      vertex   2.000000e+01 -7.481077e+00 -9.382258e+00
    endloop
  endfacet
  facet normal -1.000000e+00 0.000000e+00 0.000000e+00
    outer loop
      vertex   2.000000e+01 -7.481077e+00 -9.382258e+00
      vertex   2.000000e+01 -6.893417e+00 -5.785547e+00
      vertex   2.000000e+01 -6.363054e+00 -6.364337e+00
    endloop
  endfacet
  facet normal -1.000000e+00 0.000000e+00 0.000000e+00
    outer loop
      vertex   2.000000e+01 -7.481077e+00 -9.382258e+00
      vertex   2.000000e+01 -6.363054e+00 -6.364337e+00
      vertex   2.000000e+01 -6.759118e+00 -9.915088e+00
    endloop
  endfacet
  facet normal -1.000000e+00 0.000000e+00 0.000000e+00
    outer loop
      vertex   2.000000e+01 -6.759118e+00 -9.915088e+00
      vertex   2.000000e+01 -6.363054e+00 -6.364337e+00
      vertex   2.000000e+01 -5.784264e+00 -6.894700e+00
    endloop
  endfacet
  facet normal -1.000000e+00 0.000000e+00 0.000000e+00
    outer loop
      vertex   2.000000e+01 -6.759118e+00 -9.915088e+00
      vertex   2.000000e+01 -5.784264e+00 -6.894700e+00
      vertex   2.000000e+01 -5.999358e+00 -1.039248e+01
    endloop
  endfacet
  facet normal -1.000000e+00 0.000000e+00 0.000000e+00
    outer loop
      vertex   2.000000e+01 -5.999358e+00 -1.039248e+01
      vertex   2.000000e+01 -5.784264e+00 -6.894700e+00
      vertex   2.000000e+01 -5.161452e+00 -7.372601e+00
    endloop
  endfacet
  facet normal -1.000000e+00 0.000000e+00 0.000000e+00
    outer loop
      vertex   2.000000e+01 -5.999358e+00 -1.039248e+01
      vertex   2.000000e+01 -5.161452e+00 -7.372601e+00
      vertex   2.000000e+01 -5.206048e+00 -1.081175e+01
    endloop
  endfacet
  facet normal -1.000000e+00 0.000000e+00 0.000000e+00
    outer loop
      vertex   2.000000e+01 -5.206048e+00 -1.081175e+01
      vertex   2.000000e+01 -5.161452e+00 -7.372601e+00
      vertex   2.000000e+01 -4.499358e+00 -7.794401e+00
    endloop
  endfacet
  facet normal -1.000000e+00 0.000000e+00 0.000000e+00
    outer loop
      vertex   2.000000e+01 -5.206048e+00 -1.081175e+01
      vertex   2.000000e+01 -4.499358e+00 -7.794401e+00
      vertex   2.000000e+01 -4.383623e+00 -1.117057e+01
    endloop
  endfacet
  facet normal -1.000000e+00 0.000000e+00 0.000000e+00
    outer loop
      vertex   2.000000e+01 -4.383623e+00 -1.117057e+01
      vertex   2.000000e+01 -4.499358e+00 -7.794401e+00
      vertex   2.000000e+01 -3.803022e+00 -8.156890e+00
    endloop
  endfacet
  facet normal -1.000000e+00 0.000000e+00 0.000000e+00
    outer loop
      vertex   2.000000e+01 -4.383623e+00 -1.117057e+01
      vertex   2.000000e+01 -3.803022e+00 -8.156890e+00
      vertex   2.000000e+01 -3.536684e+00 -1.146693e+01
    endloop
  endfacet
  facet normal -1.000000e+00 0.000000e+00 0.000000e+00
    outer loop
      vertex   2.000000e+01 -3.536684e+00 -1.146693e+01
      vertex   2.000000e+01 -3.803022e+00 -8.156890e+00
      vertex   2.000000e+01 -3.077742e+00 -8.457311e+00
    endloop
  endfacet
  facet normal -1.000000e+00 0.000000e+00 0.000000e+00
    outer loop
      vertex   2.000000e+01 -3.536684e+00 -1.146693e+01
      vertex   2.000000e+01 -3.077742e+00 -8.457311e+00
      vertex   2.000000e+01 -2.669966e+00 -1.169917e+01
    endloop
  endfacet
  facet normal -1.000000e+00 0.000000e+00 0.000000e+00
    outer loop
      vertex   2.000000e+01 -2.669966e+00 -1.169917e+01
      vertex   2.000000e+01 -3.077742e+00 -8.457311e+00
      vertex   2.000000e+01 -2.329039e+00 -8.693376e+00
    endloop
  endfacet
  facet normal -1.000000e+00 0.000000e+00 0.000000e+00
    outer loop
      vertex   2.000000e+01 -2.669966e+00 -1.169917e+01
      vertex   2.000000e+01 -2.329039e+00 -8.693376e+00
      vertex   2.000000e+01 -1.788316e+00 -1.186598e+01
    endloop
  endfacet
  facet normal -1.000000e+00 0.000000e+00 0.000000e+00
    outer loop
      vertex   2.000000e+01 -1.788316e+00 -1.186598e+01
      vertex   2.000000e+01 -2.329039e+00 -8.693376e+00
      vertex   2.000000e+01 -1.562611e+00 -8.863289e+00
    endloop
  endfacet
  facet normal -1.000000e+00 0.000000e+00 0.000000e+00
    outer loop
      vertex   2.000000e+01 -1.788316e+00 -1.186598e+01
      vertex   2.000000e+01 -1.562611e+00 -8.863289e+00
      vertex   2.000000e+01 -8.966652e-01 -1.196645e+01
    endloop
  endfacet
  facet normal -1.000000e+00 0.000000e+00 0.000000e+00
    outer loop
      vertex   2.000000e+01 -8.966652e-01 -1.196645e+01
      vertex   2.000000e+01 -1.562611e+00 -8.863289e+00
      vertex   2.000000e+01 -7.842898e-01 -8.965757e+00
    endloop
  endfacet
  facet normal -1.000000e+00 0.000000e+00 0.000000e+00
    outer loop
      vertex   2.000000e+01 -8.966652e-01 -1.196645e+01
      vertex   2.000000e+01 -7.842898e-01 -8.965757e+00
      vertex   2.000000e+01 0.000000e+00 -1.200000e+01
    endloop
  endfacet
  facet normal -1.000000e+00 0.000000e+00 0.000000e+00
    outer loop
      vertex   2.000000e+01 0.000000e+00 -1.200000e+01
      vertex   2.000000e+01 -7.842898e-01 -8.965757e+00
      vertex   2.000000e+01 0.000000e+00 -9.000000e+00
    endloop
  endfacet
  facet normal -2.977396e-09 4.361947e-02 -9.990482e-01
    outer loop
      vertex   6.500000e+01 0.000000e+00 8.997433e+00
      vertex   4.250000e+01 -7.842898e-01 8.963190e+00
      vertex   2.000000e+01 -1.102025e-15 8.997433e+00
    endloop
  endfacet
  facet normal 0.000000e+00 4.361956e-02 -9.990482e-01
    outer loop
      vertex   2.000000e+01 -1.102025e-15 8.997433e+00
      vertex   4.250000e+01 -7.842898e-01 8.963190e+00
      vertex   3.500000e+01 -7.842898e-01 8.963190e+00
    endloop
  endfacet
  facet normal -2.298124e-17 4.361956e-02 -9.990482e-01
    outer loop
      vertex   2.000000e+01 -1.102025e-15 8.997433e+00
      vertex   3.500000e+01 -7.842898e-01 8.963190e+00
      vertex   2.750000e+01 -7.842898e-01 8.963190e+00
    endloop
  endfacet
  facet normal -6.762615e-17 1.305262e-01 -9.914449e-01
    outer loop
      vertex   2.750000e+01 -7.842898e-01 8.963190e+00
      vertex   3.500000e+01 -7.842898e-01 8.963190e+00
      vertex   2.750000e+01 -1.562611e+00 8.860722e+00
    endloop
  endfacet
  facet normal -1.786437e-08 1.305262e-01 -9.914449e-01
    outer loop
      vertex   2.750000e+01 -7.842898e-01 8.963190e+00
      vertex   2.750000e+01 -1.562611e+00 8.860722e+00
      vertex   2.000000e+01 -1.562611e+00 8.860722e+00
    endloop
  endfacet
  facet normal -1.786437e-08 2.164396e-01 -9.762960e-01
    outer loop
      vertex   2.000000e+01 -1.562611e+00 8.860722e+00
      vertex   2.750000e+01 -1.562611e+00 8.860722e+00
      vertex   2.000000e+01 -2.329039e+00 8.690809e+00
    endloop
  endfacet
  facet normal -1.786437e-08 2.164396e-01 -9.762960e-01
    outer loop
      vertex   2.000000e+01 -2.329039e+00 8.690809e+00
      vertex   2.750000e+01 -1.562611e+00 8.860722e+00
      vertex   2.750000e+01 -2.329039e+00 8.690809e+00
    endloop
  endfacet
  facet normal -1.786437e-08 3.007058e-01 -9.537170e-01
    outer loop
      vertex   2.000000e+01 -2.329039e+00 8.690809e+00
      vertex   2.750000e+01 -2.329039e+00 8.690809e+00
      vertex   2.000000e+01 -3.077742e+00 8.454744e+00
    endloop
  endfacet
  facet normal -1.786437e-08 3.007058e-01 -9.537170e-01
    outer loop
      vertex   2.000000e+01 -3.077742e+00 8.454744e+00
      vertex   2.750000e+01 -2.329039e+00 8.690809e+00
      vertex   2.750000e+01 -3.077742e+00 8.454744e+00
    endloop
  endfacet
  facet normal -1.786437e-08 3.826834e-01 -9.238795e-01
    outer loop
      vertex   2.000000e+01 -3.077742e+00 8.454744e+00
      vertex   2.750000e+01 -3.077742e+00 8.454744e+00
      vertex   2.000000e+01 -3.803022e+00 8.154323e+00
    endloop
  endfacet
  facet normal -1.786437e-08 3.826834e-01 -9.238795e-01
    outer loop
      vertex   2.000000e+01 -3.803022e+00 8.154323e+00
      vertex   2.750000e+01 -3.077742e+00 8.454744e+00
      vertex   2.750000e+01 -3.803022e+00 8.154323e+00
    endloop
  endfacet
  facet normal -1.786437e-08 4.617486e-01 -8.870108e-01
    outer loop
      vertex   2.000000e+01 -3.803022e+00 8.154323e+00
      vertex   2.750000e+01 -3.803022e+00 8.154323e+00
      vertex   2.000000e+01 -4.499358e+00 7.791834e+00
    endloop
  endfacet
  facet normal -1.786437e-08 4.617486e-01 -8.870108e-01
    outer loop
      vertex   2.000000e+01 -4.499358e+00 7.791834e+00
      vertex   2.750000e+01 -3.803022e+00 8.154323e+00
      vertex   2.750000e+01 -4.499358e+00 7.791833e+00
    endloop
  endfacet
  facet normal -1.786437e-08 5.372996e-01 -8.433914e-01
    outer loop
      vertex   2.000000e+01 -4.499358e+00 7.791834e+00
      vertex   2.750000e+01 -4.499358e+00 7.791833e+00
      vertex   2.000000e+01 -5.161452e+00 7.370034e+00
    endloop
  endfacet
  facet normal -1.786437e-08 5.372996e-01 -8.433914e-01
    outer loop
      vertex   2.000000e+01 -5.161452e+00 7.370034e+00
      vertex   2.750000e+01 -4.499358e+00 7.791833e+00
      vertex   2.750000e+01 -5.161452e+00 7.370033e+00
    endloop
  endfacet
  facet normal -1.786437e-08 6.087614e-01 -7.933533e-01
    outer loop
      vertex   2.000000e+01 -5.161452e+00 7.370034e+00
      vertex   2.750000e+01 -5.161452e+00 7.370033e+00
      vertex   2.000000e+01 -5.784264e+00 6.892133e+00
    endloop
  endfacet
  facet normal -1.786437e-08 6.087614e-01 -7.933533e-01
    outer loop
      vertex   2.000000e+01 -5.784264e+00 6.892133e+00
      vertex   2.750000e+01 -5.161452e+00 7.370033e+00
      vertex   2.750000e+01 -5.784263e+00 6.892133e+00
    endloop
  endfacet
  facet normal -1.786437e-08 6.755902e-01 -7.372773e-01
    outer loop
      vertex   2.000000e+01 -5.784264e+00 6.892133e+00
      vertex   2.750000e+01 -5.784263e+00 6.892133e+00
      vertex   2.000000e+01 -6.363054e+00 6.361770e+00
    endloop
  endfacet
  facet normal -1.786437e-08 6.755902e-01 -7.372773e-01
    outer loop
      vertex   2.000000e+01 -6.363054e+00 6.361770e+00
      vertex   2.750000e+01 -5.784263e+00 6.892133e+00
      vertex   2.750000e+01 -6.363053e+00 6.361770e+00
    endloop
  endfacet
  facet normal -1.786437e-08 7.372773e-01 -6.755902e-01
    outer loop
      vertex   2.000000e+01 -6.363054e+00 6.361770e+00
      vertex   2.750000e+01 -6.363053e+00 6.361770e+00
      vertex   2.000000e+01 -6.893417e+00 5.782980e+00
    endloop
  endfacet
  facet normal -1.786437e-08 7.372773e-01 -6.755902e-01
    outer loop
      vertex   2.000000e+01 -6.893417e+00 5.782980e+00
      vertex   2.750000e+01 -6.363053e+00 6.361770e+00
      vertex   2.750000e+01 -6.893417e+00 5.782980e+00
    endloop
  endfacet
  facet normal -1.786437e-08 7.933533e-01 -6.087614e-01
    outer loop
      vertex   2.000000e+01 -6.893417e+00 5.782980e+00
      vertex   2.750000e+01 -6.893417e+00 5.782980e+00
      vertex   2.000000e+01 -7.371317e+00 5.160168e+00
    endloop
  endfacet
  facet normal -1.786437e-08 7.933533e-01 -6.087614e-01
    outer loop
      vertex   2.000000e+01 -7.371317e+00 5.160168e+00
      vertex   2.750000e+01 -6.893417e+00 5.782980e+00
      vertex   2.750000e+01 -7.371317e+00 5.160168e+00
    endloop
  endfacet
  facet normal -1.786437e-08 8.433914e-01 -5.372996e-01
    outer loop
      vertex   2.000000e+01 -7.371317e+00 5.160168e+00
      vertex   2.750000e+01 -7.371317e+00 5.160168e+00
      vertex   2.000000e+01 -7.793117e+00 4.498075e+00
    endloop
  endfacet
  facet normal -1.786437e-08 8.433914e-01 -5.372996e-01
    outer loop
      vertex   2.000000e+01 -7.793117e+00 4.498075e+00
      vertex   2.750000e+01 -7.371317e+00 5.160168e+00
      vertex   2.750000e+01 -7.793117e+00 4.498075e+00
    endloop
  endfacet
  facet normal -1.786437e-08 8.870108e-01 -4.617486e-01
    outer loop
      vertex   2.000000e+01 -7.793117e+00 4.498075e+00
      vertex   2.750000e+01 -7.793117e+00 4.498075e+00
      vertex   2.000000e+01 -8.155607e+00 3.801738e+00
    endloop
  endfacet
  facet normal -1.786437e-08 8.870108e-01 -4.617486e-01
    outer loop
      vertex   2.000000e+01 -8.155607e+00 3.801738e+00
      vertex   2.750000e+01 -7.793117e+00 4.498075e+00
      vertex   2.750000e+01 -8.155607e+00 3.801738e+00
    endloop
  endfacet
  facet normal -1.786437e-08 9.238795e-01 -3.826834e-01
    outer loop
      vertex   2.000000e+01 -8.155607e+00 3.801738e+00
      vertex   2.750000e+01 -8.155607e+00 3.801738e+00
      vertex   2.000000e+01 -8.456028e+00 3.076459e+00
    endloop
  endfacet
  facet normal -1.786437e-08 9.238795e-01 -3.826834e-01
    outer loop
      vertex   2.000000e+01 -8.456028e+00 3.076459e+00
      vertex   2.750000e+01 -8.155607e+00 3.801738e+00
      vertex   2.750000e+01 -8.456027e+00 3.076459e+00
    endloop
  endfacet
  facet normal -1.786437e-08 9.537170e-01 -3.007058e-01
    outer loop
      vertex   2.000000e+01 -8.456028e+00 3.076459e+00
      vertex   2.750000e+01 -8.456027e+00 3.076459e+00
      vertex   2.000000e+01 -8.692093e+00 2.327756e+00
    endloop
  endfacet
  facet normal -1.786437e-08 9.537170e-01 -3.007058e-01
    outer loop
      vertex   2.000000e+01 -8.692093e+00 2.327756e+00
      vertex   2.750000e+01 -8.456027e+00 3.076459e+00
      vertex   2.750000e+01 -8.692093e+00 2.327756e+00
    endloop
  endfacet
  facet normal -1.786437e-08 9.762960e-01 -2.164396e-01
    outer loop
      vertex   2.000000e+01 -8.692093e+00 2.327756e+00
      vertex   2.750000e+01 -8.692093e+00 2.327756e+00
      vertex   2.000000e+01 -8.862006e+00 1.561327e+00
    endloop
  endfacet
  facet normal -1.786437e-08 9.762960e-01 -2.164396e-01
    outer loop
      vertex   2.000000e+01 -8.862006e+00 1.561327e+00
      vertex   2.750000e+01 -8.692093e+00 2.327756e+00
      vertex   2.750000e+01 -8.862006e+00 1.561327e+00
    endloop
  endfacet
  facet normal -1.786437e-08 9.914449e-01 -1.305262e-01
    outer loop
      vertex   2.000000e+01 -8.862006e+00 1.561327e+00
      vertex   2.750000e+01 -8.862006e+00 1.561327e+00
      vertex   2.000000e+01 -8.964474e+00 7.830063e-01
    endloop
  endfacet
  facet normal -1.786437e-08 9.914449e-01 -1.305262e-01
    outer loop
      vertex   2.000000e+01 -8.964474e+00 7.830063e-01
      vertex   2.750000e+01 -8.862006e+00 1.561327e+00
      vertex   2.750000e+01 -8.964474e+00 7.830063e-01
    endloop
  endfacet
  facet normal -1.786437e-08 9.990482e-01 -4.361939e-02
    outer loop
      vertex   2.000000e+01 -8.964474e+00 7.830063e-01
      vertex   2.750000e+01 -8.964474e+00 7.830063e-01
      vertex   2.000000e+01 -8.998717e+00 -1.283549e-03
    endloop
  endfacet
  facet normal -1.786437e-08 9.990482e-01 -4.361939e-02
    outer loop
      vertex   2.000000e+01 -8.998717e+00 -1.283549e-03
      vertex   2.750000e+01 -8.964474e+00 7.830063e-01
      vertex   2.750000e+01 -8.998716e+00 -1.283549e-03
    endloop
  endfacet
  facet normal -1.786437e-08 9.990482e-01 4.361939e-02
    outer loop
      vertex   2.000000e+01 -8.998717e+00 -1.283549e-03
      vertex   2.750000e+01 -8.998716e+00 -1.283549e-03
      vertex   2.000000e+01 -8.964474e+00 -7.855734e-01
    endloop
  endfacet
  facet normal -1.786437e-08 9.990482e-01 4.361939e-02
    outer loop
      vertex   2.000000e+01 -8.964474e+00 -7.855734e-01
      vertex   2.750000e+01 -8.998716e+00 -1.283549e-03
      vertex   2.750000e+01 -8.964474e+00 -7.855734e-01
    endloop
  endfacet
  facet normal -1.786437e-08 9.914449e-01 1.305262e-01
    outer loop
      vertex   2.000000e+01 -8.964474e+00 -7.855734e-01
      vertex   2.750000e+01 -8.964474e+00 -7.855734e-01
      vertex   2.000000e+01 -8.862006e+00 -1.563894e+00
    endloop
  endfacet
  facet normal -1.786437e-08 9.914449e-01 1.305262e-01
    outer loop
      vertex   2.000000e+01 -8.862006e+00 -1.563894e+00
      vertex   2.750000e+01 -8.964474e+00 -7.855734e-01
      vertex   2.750000e+01 -8.862006e+00 -1.563894e+00
    endloop
  endfacet
  facet normal -1.786437e-08 9.762960e-01 2.164396e-01
    outer loop
      vertex   2.000000e+01 -8.862006e+00 -1.563894e+00
      vertex   2.750000e+01 -8.862006e+00 -1.563894e+00
      vertex   2.000000e+01 -8.692093e+00 -2.330323e+00
    endloop
  endfacet
  facet normal -1.786437e-08 9.762960e-01 2.164396e-01
    outer loop
      vertex   2.000000e+01 -8.692093e+00 -2.330323e+00
      vertex   2.750000e+01 -8.862006e+00 -1.563894e+00
      vertex   2.750000e+01 -8.692093e+00 -2.330323e+00
    endloop
  endfacet
  facet normal -1.786437e-08 9.537170e-01 3.007058e-01
    outer loop
      vertex   2.000000e+01 -8.692093e+00 -2.330323e+00
      vertex   2.750000e+01 -8.692093e+00 -2.330323e+00
      vertex   2.000000e+01 -8.456028e+00 -3.079026e+00
    endloop
  endfacet
  facet normal -1.786437e-08 9.537170e-01 3.007058e-01
    outer loop
      vertex   2.000000e+01 -8.456028e+00 -3.079026e+00
      vertex   2.750000e+01 -8.692093e+00 -2.330323e+00
      vertex   2.750000e+01 -8.456027e+00 -3.079026e+00
    endloop
  endfacet
  facet normal -1.786437e-08 9.238795e-01 3.826834e-01
    outer loop
      vertex   2.000000e+01 -8.456028e+00 -3.079026e+00
      vertex   2.750000e+01 -8.456027e+00 -3.079026e+00
      vertex   2.000000e+01 -8.155607e+00 -3.804306e+00
    endloop
  endfacet
  facet normal -1.786437e-08 9.238795e-01 3.826834e-01
    outer loop
      vertex   2.000000e+01 -8.155607e+00 -3.804306e+00
      vertex   2.750000e+01 -8.456027e+00 -3.079026e+00
      vertex   2.750000e+01 -8.155607e+00 -3.804305e+00
    endloop
  endfacet
  facet normal -1.786437e-08 8.870108e-01 4.617486e-01
    outer loop
      vertex   2.000000e+01 -8.155607e+00 -3.804306e+00
      vertex   2.750000e+01 -8.155607e+00 -3.804305e+00
      vertex   2.000000e+01 -7.793117e+00 -4.500642e+00
    endloop
  endfacet
  facet normal -1.786437e-08 8.870108e-01 4.617486e-01
    outer loop
      vertex   2.000000e+01 -7.793117e+00 -4.500642e+00
      vertex   2.750000e+01 -8.155607e+00 -3.804305e+00
      vertex   2.750000e+01 -7.793117e+00 -4.500642e+00
    endloop
  endfacet
  facet normal -1.786437e-08 8.433914e-01 5.372996e-01
    outer loop
      vertex   2.000000e+01 -7.793117e+00 -4.500642e+00
      vertex   2.750000e+01 -7.793117e+00 -4.500642e+00
      vertex   2.000000e+01 -7.371317e+00 -5.162735e+00
    endloop
  endfacet
  facet normal -1.786437e-08 8.433914e-01 5.372996e-01
    outer loop
      vertex   2.000000e+01 -7.371317e+00 -5.162735e+00
      vertex   2.750000e+01 -7.793117e+00 -4.500642e+00
      vertex   2.750000e+01 -7.371317e+00 -5.162735e+00
    endloop
  endfacet
  facet normal -1.786437e-08 7.933533e-01 6.087614e-01
    outer loop
      vertex   2.000000e+01 -7.371317e+00 -5.162735e+00
      vertex   2.750000e+01 -7.371317e+00 -5.162735e+00
      vertex   2.000000e+01 -6.893417e+00 -5.785547e+00
    endloop
  endfacet
  facet normal -1.786437e-08 7.933533e-01 6.087614e-01
    outer loop
      vertex   2.000000e+01 -6.893417e+00 -5.785547e+00
      vertex   2.750000e+01 -7.371317e+00 -5.162735e+00
      vertex   2.750000e+01 -6.893417e+00 -5.785547e+00
    endloop
  endfacet
  facet normal -1.786437e-08 7.372773e-01 6.755902e-01
    outer loop
      vertex   2.000000e+01 -6.893417e+00 -5.785547e+00
      vertex   2.750000e+01 -6.893417e+00 -5.785547e+00
      vertex   2.000000e+01 -6.363054e+00 -6.364337e+00
    endloop
  endfacet
  facet normal -1.786437e-08 7.372773e-01 6.755902e-01
    outer loop
      vertex   2.000000e+01 -6.363054e+00 -6.364337e+00
      vertex   2.750000e+01 -6.893417e+00 -5.785547e+00
      vertex   2.750000e+01 -6.363053e+00 -6.364337e+00
    endloop
  endfacet
  facet normal -1.786437e-08 6.755902e-01 7.372773e-01
    outer loop
      vertex   2.000000e+01 -6.363054e+00 -6.364337e+00
      vertex   2.750000e+01 -6.363053e+00 -6.364337e+00
      vertex   2.000000e+01 -5.784264e+00 -6.894700e+00
    endloop
  endfacet
  facet normal -1.786437e-08 6.755902e-01 7.372773e-01
    outer loop
      vertex   2.000000e+01 -5.784264e+00 -6.894700e+00
      vertex   2.750000e+01 -6.363053e+00 -6.364337e+00
      vertex   2.750000e+01 -5.784263e+00 -6.894700e+00
    endloop
  endfacet
  facet normal -1.786437e-08 6.087614e-01 7.933533e-01
    outer loop
      vertex   2.000000e+01 -5.784264e+00 -6.894700e+00
      vertex   2.750000e+01 -5.784263e+00 -6.894700e+00
      vertex   2.000000e+01 -5.161452e+00 -7.372601e+00
    endloop
  endfacet
  facet normal -1.786437e-08 6.087614e-01 7.933533e-01
    outer loop
      vertex   2.000000e+01 -5.161452e+00 -7.372601e+00
      vertex   2.750000e+01 -5.784263e+00 -6.894700e+00
      vertex   2.750000e+01 -5.161452e+00 -7.372601e+00
    endloop
  endfacet
  facet normal -1.786437e-08 5.372996e-01 8.433914e-01
    outer loop
      vertex   2.000000e+01 -5.161452e+00 -7.372601e+00
      vertex   2.750000e+01 -5.161452e+00 -7.372601e+00
      vertex   2.000000e+01 -4.499358e+00 -7.794401e+00
    endloop
  endfacet
  facet normal -1.786437e-08 5.372996e-01 8.433914e-01
    outer loop
      vertex   2.000000e+01 -4.499358e+00 -7.794401e+00
      vertex   2.750000e+01 -5.161452e+00 -7.372601e+00
      vertex   2.750000e+01 -4.499358e+00 -7.794401e+00
    endloop
  endfacet
  facet normal -1.786437e-08 4.617486e-01 8.870108e-01
    outer loop
      vertex   2.000000e+01 -4.499358e+00 -7.794401e+00
      vertex   2.750000e+01 -4.499358e+00 -7.794401e+00
      vertex   2.000000e+01 -3.803022e+00 -8.156890e+00
    endloop
  endfacet
  facet normal -1.786437e-08 4.617486e-01 8.870108e-01
    outer loop
      vertex   2.000000e+01 -3.803022e+00 -8.156890e+00
      vertex   2.750000e+01 -4.499358e+00 -7.794401e+00
      vertex   2.750000e+01 -3.803022e+00 -8.156890e+00
    endloop
  endfacet
  facet normal -1.786437e-08 3.826834e-01 9.238795e-01
    outer loop
      vertex   2.000000e+01 -3.803022e+00 -8.156890e+00
      vertex   2.750000e+01 -3.803022e+00 -8.156890e+00
      vertex   2.000000e+01 -3.077742e+00 -8.457311e+00
    endloop
  endfacet
  facet normal -1.786437e-08 3.826834e-01 9.238795e-01
    outer loop
      vertex   2.000000e+01 -3.077742e+00 -8.457311e+00
      vertex   2.750000e+01 -3.803022e+00 -8.156890e+00
      vertex   2.750000e+01 -3.077742e+00 -8.457311e+00
    endloop
  endfacet
  facet normal -1.786437e-08 3.007058e-01 9.537170e-01
    outer loop
      vertex   2.000000e+01 -3.077742e+00 -8.457311e+00
      vertex   2.750000e+01 -3.077742e+00 -8.457311e+00
      vertex   2.000000e+01 -2.329039e+00 -8.693376e+00
    endloop
  endfacet
  facet normal -1.786437e-08 3.007058e-01 9.537170e-01
    outer loop
      vertex   2.000000e+01 -2.329039e+00 -8.693376e+00
      vertex   2.750000e+01 -3.077742e+00 -8.457311e+00
      vertex   2.750000e+01 -2.329039e+00 -8.693376e+00
    endloop
  endfacet
  facet normal -1.786437e-08 2.164396e-01 9.762960e-01
    outer loop
      vertex   2.000000e+01 -2.329039e+00 -8.693376e+00
      vertex   2.750000e+01 -2.329039e+00 -8.693376e+00
      vertex   2.000000e+01 -1.562611e+00 -8.863289e+00
    endloop
  endfacet
  facet normal -1.786437e-08 2.164396e-01 9.762960e-01
    outer loop
      vertex   2.000000e+01 -1.562611e+00 -8.863289e+00
      vertex   2.750000e+01 -2.329039e+00 -8.693376e+00
      vertex   2.750000e+01 -1.562611e+00 -8.863289e+00
    endloop
  endfacet
  facet normal -1.786437e-08 1.305262e-01 9.914449e-01
    outer loop
      vertex   2.000000e+01 -1.562611e+00 -8.863289e+00
      vertex   2.750000e+01 -1.562611e+00 -8.863289e+00
      vertex   2.000000e+01 -7.842898e-01 -8.965757e+00
    endloop
  endfacet
  facet normal -1.786437e-08 1.305262e-01 9.914449e-01
    outer loop
      vertex   2.000000e+01 -7.842898e-01 -8.965757e+00
      vertex   2.750000e+01 -1.562611e+00 -8.863289e+00
      vertex   2.750000e+01 -7.842898e-01 -8.965757e+00
    endloop
  endfacet
  facet normal -1.786437e-08 4.361939e-02 9.990482e-01
    outer loop
      vertex   2.000000e+01 -7.842898e-01 -8.965757e+00
      vertex   2.750000e+01 -7.842898e-01 -8.965757e+00
      vertex   2.000000e+01 0.000000e+00 -9.000000e+00
    endloop
  endfacet
  facet normal 0.000000e+00 4.361956e-02 9.990482e-01
    outer loop
      vertex   2.000000e+01 0.000000e+00 -9.000000e+00
      vertex   2.750000e+01 -7.842898e-01 -8.965757e+00
      vertex   3.500000e+01 -7.842898e-01 -8.965757e+00
    endloop
  endfacet
  facet normal 0.000000e+00 4.361956e-02 9.990482e-01
    outer loop
      vertex   2.000000e+01 0.000000e+00 -9.000000e+00
      vertex   3.500000e+01 -7.842898e-01 -8.965757e+00
      vertex   4.250000e+01 -7.842898e-01 -8.965757e+00
    endloop
  endfacet
  facet normal 0.000000e+00 1.305262e-01 9.914449e-01
    outer loop
      vertex   4.250000e+01 -7.842898e-01 -8.965757e+00
      vertex   3.500000e+01 -7.842898e-01 -8.965757e+00
      vertex   4.250000e+01 -1.562611e+00 -8.863289e+00
    endloop
  endfacet
  facet normal 0.000000e+00 1.305262e-01 9.914449e-01
    outer loop
      vertex   4.250000e+01 -7.842898e-01 -8.965757e+00
      vertex   4.250000e+01 -1.562611e+00 -8.863289e+00
      vertex   5.000000e+01 -1.562611e+00 -8.863289e+00
    endloop
  endfacet
  facet normal 0.000000e+00 2.164396e-01 9.762960e-01
    outer loop
      vertex   5.000000e+01 -1.562611e+00 -8.863289e+00
      vertex   4.250000e+01 -1.562611e+00 -8.863289e+00
      vertex   5.000000e+01 -2.329039e+00 -8.693376e+00
    endloop
  endfacet
  facet normal 0.000000e+00 2.164396e-01 9.762960e-01
    outer loop
      vertex   5.000000e+01 -1.562611e+00 -8.863289e+00
      vertex   5.000000e+01 -2.329039e+00 -8.693376e+00
      vertex   5.750000e+01 -2.329039e+00 -8.693376e+00
    endloop
  endfacet
  facet normal 0.000000e+00 3.007058e-01 9.537170e-01
    outer loop
      vertex   5.750000e+01 -2.329039e+00 -8.693376e+00
      vertex   5.000000e+01 -2.329039e+00 -8.693376e+00
      vertex   5.750000e+01 -3.077742e+00 -8.457311e+00
    endloop
  endfacet
  facet normal 0.000000e+00 3.007058e-01 9.537170e-01
    outer loop
      vertex   5.750000e+01 -2.329039e+00 -8.693376e+00
      vertex   5.750000e+01 -3.077742e+00 -8.457311e+00
      vertex   6.500000e+01 -3.077742e+00 -8.457311e+00
    endloop
  endfacet
  facet normal 0.000000e+00 3.826834e-01 9.238795e-01
    outer loop
      vertex   6.500000e+01 -3.077742e+00 -8.457311e+00
      vertex   5.750000e+01 -3.077742e+00 -8.457311e+00
      vertex   6.500000e+01 -3.803022e+00 -8.156890e+00
    endloop
  endfacet
  facet normal 0.000000e+00 3.826834e-01 9.238795e-01
    outer loop
      vertex   6.500000e+01 -3.803022e+00 -8.156890e+00
      vertex   5.750000e+01 -3.077742e+00 -8.457311e+00
      vertex   5.750000e+01 -3.803022e+00 -8.156890e+00
    endloop
  endfacet
  facet normal 0.000000e+00 4.617486e-01 8.870108e-01
    outer loop
      vertex   6.500000e+01 -3.803022e+00 -8.156890e+00
      vertex   5.750000e+01 -3.803022e+00 -8.156890e+00
      vertex   6.500000e+01 -4.499358e+00 -7.794401e+00
    endloop
  endfacet
  facet normal -1.050432e-16 4.617486e-01 8.870108e-01
    outer loop
      vertex   6.500000e+01 -4.499358e+00 -7.794401e+00
      vertex   5.750000e+01 -3.803022e+00 -8.156890e+00
      vertex   5.750000e+01 -4.499358e+00 -7.794401e+00
    endloop
  endfacet
  facet normal -9.987761e-17 5.372996e-01 8.433914e-01
    outer loop
      vertex   6.500000e+01 -4.499358e+00 -7.794401e+00
      vertex   5.750000e+01 -4.499358e+00 -7.794401e+00
      vertex   6.500000e+01 -5.161452e+00 -7.372601e+00
    endloop
  endfacet
  facet normal -9.987761e-17 5.372996e-01 8.433914e-01
    outer loop
      vertex   6.500000e+01 -5.161452e+00 -7.372601e+00
      vertex   5.750000e+01 -4.499358e+00 -7.794401e+00
      vertex   5.750000e+01 -5.161452e+00 -7.372601e+00
    endloop
  endfacet
  facet normal -9.395191e-17 6.087614e-01 7.933533e-01
    outer loop
      vertex   6.500000e+01 -5.161452e+00 -7.372601e+00
      vertex   5.750000e+01 -5.161452e+00 -7.372601e+00
      vertex   6.500000e+01 -5.784263e+00 -6.894700e+00
    endloop
  endfacet
  facet normal -9.395191e-17 6.087614e-01 7.933533e-01
    outer loop
      vertex   6.500000e+01 -5.784263e+00 -6.894700e+00
      vertex   5.750000e+01 -5.161452e+00 -7.372601e+00
      vertex   5.750000e+01 -5.784263e+00 -6.894700e+00
    endloop
  endfacet
  facet normal -8.731117e-17 6.755902e-01 7.372773e-01
    outer loop
      vertex   6.500000e+01 -5.784263e+00 -6.894700e+00
      vertex   5.750000e+01 -5.784263e+00 -6.894700e+00
      vertex   6.500000e+01 -6.363053e+00 -6.364337e+00
    endloop
  endfacet
  facet normal -8.731117e-17 6.755902e-01 7.372773e-01
    outer loop
      vertex   6.500000e+01 -6.363053e+00 -6.364337e+00
      vertex   5.750000e+01 -5.784263e+00 -6.894700e+00
      vertex   5.750000e+01 -6.363053e+00 -6.364337e+00
    endloop
  endfacet
  facet normal -8.000595e-17 7.372773e-01 6.755902e-01
    outer loop
      vertex   6.500000e+01 -6.363053e+00 -6.364337e+00
      vertex   5.750000e+01 -6.363053e+00 -6.364337e+00
      vertex   6.500000e+01 -6.893417e+00 -5.785547e+00
    endloop
  endfacet
  facet normal -8.000595e-17 7.372773e-01 6.755902e-01
    outer loop
      vertex   6.500000e+01 -6.893417e+00 -5.785547e+00
      vertex   5.750000e+01 -6.363053e+00 -6.364337e+00
      vertex   5.750000e+01 -6.893417e+00 -5.785547e+00
    endloop
  endfacet
  facet normal -7.209183e-17 7.933533e-01 6.087614e-01
    outer loop
      vertex   6.500000e+01 -6.893417e+00 -5.785547e+00
      vertex   5.750000e+01 -6.893417e+00 -5.785547e+00
      vertex   6.500000e+01 -7.371317e+00 -5.162735e+00
    endloop
  endfacet
  facet normal -2.032523e-16 7.933533e-01 6.087614e-01
    outer loop
      vertex   6.500000e+01 -7.371317e+00 -5.162735e+00
      vertex   5.750000e+01 -6.893417e+00 -5.785547e+00
      vertex   5.750000e+01 -7.371317e+00 -5.162735e+00
    endloop
  endfacet
  facet normal -2.811204e-16 8.433914e-01 5.372996e-01
    outer loop
      vertex   6.500000e+01 -7.371317e+00 -5.162735e+00
      vertex   5.750000e+01 -7.371317e+00 -5.162735e+00
      vertex   6.500000e+01 -7.793117e+00 -4.500642e+00
    endloop
  endfacet
  facet normal 0.000000e+00 8.433914e-01 5.372996e-01
    outer loop
      vertex   6.500000e+01 -7.793117e+00 -4.500642e+00
      vertex   5.750000e+01 -7.371317e+00 -5.162735e+00
      vertex   5.750000e+01 -7.793117e+00 -4.500642e+00
    endloop
  endfacet
  facet normal 0.000000e+00 8.870108e-01 4.617486e-01
    outer loop
      vertex   6.500000e+01 -7.793117e+00 -4.500642e+00
      vertex   5.750000e+01 -7.793117e+00 -4.500642e+00
      vertex   6.500000e+01 -8.155607e+00 -3.804305e+00
    endloop
  endfacet
  facet normal -2.374274e-16 8.870108e-01 4.617486e-01
    outer loop
      vertex   6.500000e+01 -8.155607e+00 -3.804305e+00
      vertex   5.750000e+01 -7.793117e+00 -4.500642e+00
      vertex   5.750000e+01 -8.155607e+00 -3.804305e+00
    endloop
  endfacet
  facet normal -2.414780e-16 9.238795e-01 3.826834e-01
    outer loop
      vertex   6.500000e+01 -8.155607e+00 -3.804305e+00
      vertex   5.750000e+01 -8.155607e+00 -3.804305e+00
      vertex   6.500000e+01 -8.456027e+00 -3.079026e+00
    endloop
  endfacet
  facet normal -2.414780e-16 9.238795e-01 3.826834e-01
    outer loop
      vertex   6.500000e+01 -8.456027e+00 -3.079026e+00
      vertex   5.750000e+01 -8.155607e+00 -3.804305e+00
      vertex   5.750000e+01 -8.456027e+00 -3.079026e+00
    endloop
  endfacet
  facet normal -2.436909e-16 9.537170e-01 3.007058e-01
    outer loop
      vertex   6.500000e+01 -8.456027e+00 -3.079026e+00
      vertex   5.750000e+01 -8.456027e+00 -3.079026e+00
      vertex   6.500000e+01 -8.692093e+00 -2.330323e+00
    endloop
  endfacet
  facet normal -1.780536e-17 9.537170e-01 3.007058e-01
    outer loop
      vertex   6.500000e+01 -8.692093e+00 -2.330323e+00
      vertex   5.750000e+01 -8.456027e+00 -3.079026e+00
      vertex   5.750000e+01 -8.692093e+00 -2.330323e+00
    endloop
  endfacet
  facet normal -1.281580e-17 9.762960e-01 2.164396e-01
    outer loop
      vertex   6.500000e+01 -8.692093e+00 -2.330323e+00
      vertex   5.750000e+01 -8.692093e+00 -2.330323e+00
      vertex   6.500000e+01 -8.862006e+00 -1.563894e+00
    endloop
  endfacet
  facet normal -1.922370e-17 9.762960e-01 2.164396e-01
    outer loop
      vertex   6.500000e+01 -8.862006e+00 -1.563894e+00
      vertex   5.750000e+01 -8.692093e+00 -2.330323e+00
      vertex   5.750000e+01 -8.862006e+00 -1.563894e+00
    endloop
  endfacet
  facet normal -1.159305e-17 9.914449e-01 1.305262e-01
    outer loop
      vertex   6.500000e+01 -8.862006e+00 -1.563894e+00
      vertex   5.750000e+01 -8.862006e+00 -1.563894e+00
      vertex   6.500000e+01 -8.964474e+00 -7.855734e-01
    endloop
  endfacet
  facet normal -2.444822e-16 9.914449e-01 1.305262e-01
    outer loop
      vertex   6.500000e+01 -8.964474e+00 -7.855734e-01
      vertex   5.750000e+01 -8.862006e+00 -1.563894e+00
      vertex   5.750000e+01 -8.964474e+00 -7.855734e-01
    endloop
  endfacet
  facet normal -2.398506e-16 9.990482e-01 4.361939e-02
    outer loop
      vertex   6.500000e+01 -8.964474e+00 -7.855734e-01
      vertex   5.750000e+01 -8.964474e+00 -7.855734e-01
      vertex   6.500000e+01 -8.998716e+00 -1.283549e-03
    endloop
  endfacet
  facet normal -3.251183e-18 9.990482e-01 4.361939e-02
    outer loop
      vertex   6.500000e+01 -8.998716e+00 -1.283549e-03
      vertex   5.750000e+01 -8.964474e+00 -7.855734e-01
      vertex   5.750000e+01 -8.998716e+00 -1.283549e-03
    endloop
  endfacet
  facet normal 3.251183e-18 9.990482e-01 -4.361939e-02
    outer loop
      vertex   6.500000e+01 -8.998716e+00 -1.283549e-03
      vertex   5.750000e+01 -8.998716e+00 -1.283549e-03
      vertex   6.500000e+01 -8.964474e+00 7.830063e-01
    endloop
  endfacet
  facet normal -2.333937e-16 9.990482e-01 -4.361939e-02
    outer loop
      vertex   6.500000e+01 -8.964474e+00 7.830063e-01
      vertex   5.750000e+01 -8.998716e+00 -1.283549e-03
      vertex   5.750000e+01 -8.964474e+00 7.830063e-01
    endloop
  endfacet
  facet normal -2.251604e-16 9.914449e-01 -1.305262e-01
    outer loop
      vertex   6.500000e+01 -8.964474e+00 7.830063e-01
      vertex   5.750000e+01 -8.964474e+00 7.830063e-01
      vertex   6.500000e+01 -8.862006e+00 1.561327e+00
    endloop
  endfacet
  facet normal -2.270926e-16 9.914449e-01 -1.305262e-01
    outer loop
      vertex   6.500000e+01 -8.862006e+00 1.561327e+00
      vertex   5.750000e+01 -8.964474e+00 7.830063e-01
      vertex   5.750000e+01 -8.862006e+00 1.561327e+00
    endloop
  endfacet
  facet normal -2.184175e-16 9.762960e-01 -2.164396e-01
    outer loop
      vertex   6.500000e+01 -8.862006e+00 1.561327e+00
      vertex   5.750000e+01 -8.862006e+00 1.561327e+00
      vertex   6.500000e+01 -8.692093e+00 2.327756e+00
    endloop
  endfacet
  facet normal -2.184175e-16 9.762960e-01 -2.164396e-01
    outer loop
      vertex   6.500000e+01 -8.692093e+00 2.327756e+00
      vertex   5.750000e+01 -8.862006e+00 1.561327e+00
      vertex   5.750000e+01 -8.692093e+00 2.327756e+00
    endloop
  endfacet
  facet normal -2.080802e-16 9.537170e-01 -3.007058e-01
    outer loop
      vertex   6.500000e+01 -8.692093e+00 2.327756e+00
      vertex   5.750000e+01 -8.692093e+00 2.327756e+00
      vertex   6.500000e+01 -8.456027e+00 3.076459e+00
    endloop
  endfacet
  facet normal -2.080802e-16 9.537170e-01 -3.007058e-01
    outer loop
      vertex   6.500000e+01 -8.456027e+00 3.076459e+00
      vertex   5.750000e+01 -8.692093e+00 2.327756e+00
      vertex   5.750000e+01 -8.456027e+00 3.076459e+00
    endloop
  endfacet
  facet normal -1.961592e-16 9.238795e-01 -3.826834e-01
    outer loop
      vertex   6.500000e+01 -8.456027e+00 3.076459e+00
      vertex   5.750000e+01 -8.456027e+00 3.076459e+00
      vertex   6.500000e+01 -8.155607e+00 3.801738e+00
    endloop
  endfacet
  facet normal -1.734998e-16 9.238795e-01 -3.826834e-01
    outer loop
      vertex   6.500000e+01 -8.155607e+00 3.801738e+00
      vertex   5.750000e+01 -8.456027e+00 3.076459e+00
      vertex   5.750000e+01 -8.155607e+00 3.801738e+00
    endloop
  endfacet
  facet normal -1.554043e-16 8.870108e-01 -4.617486e-01
    outer loop
      vertex   6.500000e+01 -8.155607e+00 3.801738e+00
      vertex   5.750000e+01 -8.155607e+00 3.801738e+00
      vertex   6.500000e+01 -7.793117e+00 4.498075e+00
    endloop
  endfacet
  facet normal -2.100864e-16 8.870108e-01 -4.617486e-01
    outer loop
      vertex   6.500000e+01 -7.793117e+00 4.498075e+00
      vertex   5.750000e+01 -8.155607e+00 3.801738e+00
      vertex   5.750000e+01 -7.793117e+00 4.498075e+00
    endloop
  endfacet
  facet normal -1.997552e-16 8.433914e-01 -5.372996e-01
    outer loop
      vertex   6.500000e+01 -7.793117e+00 4.498075e+00
      vertex   5.750000e+01 -7.793117e+00 4.498075e+00
      vertex   6.500000e+01 -7.371317e+00 5.160168e+00
    endloop
  endfacet
  facet normal -2.360038e-16 8.433914e-01 -5.372996e-01
    outer loop
      vertex   6.500000e+01 -7.371317e+00 5.160168e+00
      vertex   5.750000e+01 -7.793117e+00 4.498075e+00
      vertex   5.750000e+01 -7.371317e+00 5.160168e+00
    endloop
  endfacet
  facet normal -2.097639e-16 7.933533e-01 -6.087614e-01
    outer loop
      vertex   6.500000e+01 -7.371317e+00 5.160168e+00
      vertex   5.750000e+01 -7.371317e+00 5.160168e+00
      vertex   6.500000e+01 -6.893417e+00 5.782980e+00
    endloop
  endfacet
  facet normal -1.288352e-16 7.933533e-01 -6.087614e-01
    outer loop
      vertex   6.500000e+01 -6.893417e+00 5.782980e+00
      vertex   5.750000e+01 -7.371317e+00 5.160168e+00
      vertex   5.750000e+01 -6.893417e+00 5.782980e+00
    endloop
  endfacet
  facet normal -2.107970e-16 7.372773e-01 -6.755902e-01
    outer loop
      vertex   6.500000e+01 -6.893417e+00 5.782980e+00
      vertex   5.750000e+01 -6.893417e+00 5.782980e+00
      vertex   6.500000e+01 -6.363053e+00 6.361770e+00
    endloop
  endfacet
  facet normal -1.819276e-16 7.372773e-01 -6.755902e-01
    outer loop
      vertex   6.500000e+01 -6.363053e+00 6.361770e+00
      vertex   5.750000e+01 -6.893417e+00 5.782980e+00
      vertex   5.750000e+01 -6.363053e+00 6.361770e+00
    endloop
  endfacet
  facet normal -1.527067e-16 6.755902e-01 -7.372773e-01
    outer loop
      vertex   6.500000e+01 -6.363053e+00 6.361770e+00
      vertex   5.750000e+01 -6.363053e+00 6.361770e+00
      vertex   6.500000e+01 -5.784263e+00 6.892133e+00
    endloop
  endfacet
  facet normal -2.619335e-16 6.755902e-01 -7.372773e-01
    outer loop
      vertex   6.500000e+01 -5.784263e+00 6.892133e+00
      vertex   5.750000e+01 -6.363053e+00 6.361770e+00
      vertex   5.750000e+01 -5.784263e+00 6.892133e+00
    endloop
  endfacet
  facet normal -2.818557e-16 6.087614e-01 -7.933533e-01
    outer loop
      vertex   6.500000e+01 -5.784263e+00 6.892133e+00
      vertex   5.750000e+01 -5.784263e+00 6.892133e+00
      vertex   6.500000e+01 -5.161452e+00 7.370033e+00
    endloop
  endfacet
  facet normal -2.186007e-17 6.087614e-01 -7.933533e-01
    outer loop
      vertex   6.500000e+01 -5.161452e+00 7.370033e+00
      vertex   5.750000e+01 -5.784263e+00 6.892133e+00
      vertex   5.750000e+01 -5.161452e+00 7.370033e+00
    endloop
  endfacet
  facet normal -3.624855e-17 5.372996e-01 -8.433914e-01
    outer loop
      vertex   6.500000e+01 -5.161452e+00 7.370033e+00
      vertex   5.750000e+01 -5.161452e+00 7.370033e+00
      vertex   6.500000e+01 -4.499358e+00 7.791833e+00
    endloop
  endfacet
  facet normal 2.738050e-17 5.372996e-01 -8.433914e-01
    outer loop
      vertex   6.500000e+01 -4.499358e+00 7.791833e+00
      vertex   5.750000e+01 -5.161452e+00 7.370033e+00
      vertex   5.750000e+01 -4.499358e+00 7.791833e+00
    endloop
  endfacet
  facet normal 4.320857e-18 4.617486e-01 -8.870108e-01
    outer loop
      vertex   6.500000e+01 -4.499358e+00 7.791833e+00
      vertex   5.750000e+01 -4.499358e+00 7.791833e+00
      vertex   6.500000e+01 -3.803022e+00 8.154323e+00
    endloop
  endfacet
  facet normal -1.280633e-16 4.617486e-01 -8.870108e-01
    outer loop
      vertex   6.500000e+01 -3.803022e+00 8.154323e+00
      vertex   5.750000e+01 -4.499358e+00 7.791833e+00
      vertex   5.750000e+01 -3.803022e+00 8.154323e+00
    endloop
  endfacet
  facet normal -1.508404e-16 3.826834e-01 -9.238795e-01
    outer loop
      vertex   6.500000e+01 -3.803022e+00 8.154323e+00
      vertex   5.750000e+01 -3.803022e+00 8.154323e+00
      vertex   6.500000e+01 -3.077742e+00 8.454744e+00
    endloop
  endfacet
  facet normal 1.132971e-16 3.826834e-01 -9.238795e-01
    outer loop
      vertex   6.500000e+01 -3.077742e+00 8.454744e+00
      vertex   5.750000e+01 -3.803022e+00 8.154323e+00
      vertex   5.750000e+01 -3.077742e+00 8.454744e+00
    endloop
  endfacet
  facet normal 8.902680e-17 3.007058e-01 -9.537170e-01
    outer loop
      vertex   6.500000e+01 -3.077742e+00 8.454744e+00
      vertex   5.750000e+01 -3.077742e+00 8.454744e+00
      vertex   6.500000e+01 -2.329039e+00 8.690809e+00
    endloop
  endfacet
  facet normal 7.122144e-17 3.007058e-01 -9.537170e-01
    outer loop
      vertex   6.500000e+01 -2.329039e+00 8.690809e+00
      vertex   5.750000e+01 -3.077742e+00 8.454744e+00
      vertex   5.750000e+01 -2.329039e+00 8.690809e+00
    endloop
  endfacet
  facet normal 5.126320e-17 2.164396e-01 -9.762960e-01
    outer loop
      vertex   6.500000e+01 -2.329039e+00 8.690809e+00
      vertex   5.750000e+01 -2.329039e+00 8.690809e+00
      vertex   6.500000e+01 -1.562611e+00 8.860722e+00
    endloop
  endfacet
  facet normal 5.126320e-17 2.164396e-01 -9.762960e-01
    outer loop
      vertex   6.500000e+01 -1.562611e+00 8.860722e+00
      vertex   5.750000e+01 -2.329039e+00 8.690809e+00
      vertex   5.750000e+01 -1.562611e+00 8.860722e+00
    endloop
  endfacet
  facet normal 3.091481e-17 1.305262e-01 -9.914449e-01
    outer loop
      vertex   6.500000e+01 -1.562611e+00 8.860722e+00
      vertex   5.750000e+01 -1.562611e+00 8.860722e+00
      vertex   6.500000e+01 -7.842898e-01 8.963190e+00
    endloop
  endfacet
  facet normal 2.898264e-17 1.305262e-01 -9.914449e-01
    outer loop
      vertex   6.500000e+01 -7.842898e-01 8.963190e+00
      vertex   5.750000e+01 -1.562611e+00 8.860722e+00
      vertex   5.750000e+01 -7.842898e-01 8.963190e+00
    endloop
  endfacet
  facet normal 9.685449e-18 4.361939e-02 -9.990482e-01
    outer loop
      vertex   6.500000e+01 -7.842898e-01 8.963190e+00
      vertex   5.750000e+01 -7.842898e-01 8.963190e+00
      vertex   6.500000e+01 0.000000e+00 8.997433e+00
    endloop
  endfacet
  facet normal 0.000000e+00 4.361939e-02 -9.990482e-01
    outer loop
      vertex   6.500000e+01 0.000000e+00 8.997433e+00
      vertex   5.750000e+01 -7.842898e-01 8.963190e+00
      vertex   5.000000e+01 -7.842898e-01 8.963190e+00
    endloop
  endfacet
  facet normal 0.000000e+00 4.361939e-02 -9.990482e-01
    outer loop
      vertex   6.500000e+01 0.000000e+00 8.997433e+00
      vertex   5.000000e+01 -7.842898e-01 8.963190e+00
      vertex   4.250000e+01 -7.842898e-01 8.963190e+00
    endloop
  endfacet
  facet normal 0.000000e+00 1.305262e-01 -9.914449e-01
    outer loop
      vertex   4.250000e+01 -7.842898e-01 8.963190e+00
      vertex   5.000000e+01 -7.842898e-01 8.963190e+00
      vertex   4.250000e+01 -1.562611e+00 8.860722e+00
    endloop
  endfacet
  facet normal 0.000000e+00 1.305262e-01 -9.914449e-01
    outer loop
      vertex   4.250000e+01 -7.842898e-01 8.963190e+00
      vertex   4.250000e+01 -1.562611e+00 8.860722e+00
      vertex   3.500000e+01 -1.562611e+00 8.860722e+00
    endloop
  endfacet
  facet normal 0.000000e+00 2.164396e-01 -9.762960e-01
    outer loop
      vertex   3.500000e+01 -1.562611e+00 8.860722e+00
      vertex   4.250000e+01 -1.562611e+00 8.860722e+00
      vertex   3.500000e+01 -2.329039e+00 8.690809e+00
    endloop
  endfacet
  facet normal 0.000000e+00 2.164396e-01 -9.762960e-01
    outer loop
      vertex   3.500000e+01 -1.562611e+00 8.860722e+00
      vertex   3.500000e+01 -2.329039e+00 8.690809e+00
      vertex   2.750000e+01 -2.329039e+00 8.690809e+00
    endloop
  endfacet
  facet normal 0.000000e+00 3.007058e-01 -9.537170e-01
    outer loop
      vertex   2.750000e+01 -2.329039e+00 8.690809e+00
      vertex   3.500000e+01 -2.329039e+00 8.690809e+00
      vertex   2.750000e+01 -3.077742e+00 8.454744e+00
    endloop
  endfacet
  facet normal 0.000000e+00 3.007058e-01 9.537170e-01
    outer loop
      vertex   6.500000e+01 -3.077742e+00 -8.457311e+00
      vertex   6.500000e+01 -2.329039e+00 -8.693376e+00
      vertex   5.750000e+01 -2.329039e+00 -8.693376e+00
    endloop
  endfacet
  facet normal -0.000000e+00 2.164396e-01 9.762960e-01
    outer loop
      vertex   5.750000e+01 -2.329039e+00 -8.693376e+00
      vertex   6.500000e+01 -2.329039e+00 -8.693376e+00
      vertex   5.750000e+01 -1.562611e+00 -8.863289e+00
    endloop
  endfacet
  facet normal 0.000000e+00 2.164396e-01 9.762960e-01
    outer loop
      vertex   5.750000e+01 -2.329039e+00 -8.693376e+00
      vertex   5.750000e+01 -1.562611e+00 -8.863289e+00
      vertex   5.000000e+01 -1.562611e+00 -8.863289e+00
    endloop
  endfacet
  facet normal -0.000000e+00 1.305262e-01 9.914449e-01
    outer loop
      vertex   5.000000e+01 -1.562611e+00 -8.863289e+00
      vertex   5.750000e+01 -1.562611e+00 -8.863289e+00
      vertex   5.000000e+01 -7.842898e-01 -8.965757e+00
    endloop
  endfacet
  facet normal 0.000000e+00 1.305262e-01 9.914449e-01
    outer loop
      vertex   5.000000e+01 -1.562611e+00 -8.863289e+00
      vertex   5.000000e+01 -7.842898e-01 -8.965757e+00
      vertex   4.250000e+01 -7.842898e-01 -8.965757e+00
    endloop
  endfacet
  facet normal -0.000000e+00 4.361939e-02 9.990482e-01
    outer loop
      vertex   4.250000e+01 -7.842898e-01 -8.965757e+00
      vertex   5.000000e+01 -7.842898e-01 -8.965757e+00
      vertex   6.500000e+01 0.000000e+00 -9.000000e+00
    endloop
  endfacet
  facet normal -2.977396e-09 4.361947e-02 9.990482e-01
    outer loop
      vertex   4.250000e+01 -7.842898e-01 -8.965757e+00
      vertex   6.500000e+01 0.000000e+00 -9.000000e+00
      vertex   2.000000e+01 0.000000e+00 -9.000000e+00
    endloop
  endfacet
  facet normal 0.000000e+00 2.164396e-01 9.762960e-01
    outer loop
      vertex   6.500000e+01 -2.329039e+00 -8.693376e+00
      vertex   6.500000e+01 -1.562611e+00 -8.863289e+00
      vertex   5.750000e+01 -1.562611e+00 -8.863289e+00
    endloop
  endfacet
  facet normal -0.000000e+00 1.305262e-01 9.914449e-01
    outer loop
      vertex   5.750000e+01 -1.562611e+00 -8.863289e+00
      vertex   6.500000e+01 -1.562611e+00 -8.863289e+00
      vertex   5.750000e+01 -7.842898e-01 -8.965757e+00
    endloop
  endfacet
  facet normal 0.000000e+00 1.305262e-01 9.914449e-01
    outer loop
      vertex   5.750000e+01 -1.562611e+00 -8.863289e+00
      vertex   5.750000e+01 -7.842898e-01 -8.965757e+00
      vertex   5.000000e+01 -7.842898e-01 -8.965757e+00
    endloop
  endfacet
  facet normal -0.000000e+00 4.361939e-02 9.990482e-01
    outer loop
      vertex   5.000000e+01 -7.842898e-01 -8.965757e+00
      vertex   5.750000e+01 -7.842898e-01 -8.965757e+00
      vertex   6.500000e+01 0.000000e+00 -9.000000e+00
    endloop
  endfacet
  facet normal 0.000000e+00 1.305262e-01 9.914449e-01
    outer loop
      vertex   6.500000e+01 -1.562611e+00 -8.863289e+00
      vertex   6.500000e+01 -7.842898e-01 -8.965757e+00
      vertex   5.750000e+01 -7.842898e-01 -8.965757e+00
    endloop
  endfacet
  facet normal -0.000000e+00 4.361939e-02 9.990482e-01
    outer loop
      vertex   5.750000e+01 -7.842898e-01 -8.965757e+00
      vertex   6.500000e+01 -7.842898e-01 -8.965757e+00
      vertex   6.500000e+01 0.000000e+00 -9.000000e+00
    endloop
  endfacet
  facet normal -1.786437e-08 1.305262e-01 -9.914449e-01
    outer loop
      vertex   2.000000e+01 -1.562611e+00 8.860722e+00
      vertex   2.000000e+01 -7.842898e-01 8.963190e+00
      vertex   2.750000e+01 -7.842898e-01 8.963190e+00
    endloop
  endfacet
  facet normal -1.786437e-08 4.361939e-02 -9.990482e-01
    outer loop
      vertex   2.750000e+01 -7.842898e-01 8.963190e+00
      vertex   2.000000e+01 -7.842898e-01 8.963190e+00
      vertex   2.000000e+01 -1.102025e-15 8.997433e+00
    endloop
  endfacet
  facet normal 0.000000e+00 1.305262e-01 -9.914449e-01
    outer loop
      vertex   5.000000e+01 -7.842898e-01 8.963190e+00
      vertex   5.750000e+01 -7.842898e-01 8.963190e+00
      vertex   5.000000e+01 -1.562611e+00 8.860722e+00
    endloop
  endfacet
  facet normal 0.000000e+00 1.305262e-01 -9.914449e-01
    outer loop
      vertex   5.000000e+01 -1.562611e+00 8.860722e+00
      vertex   5.750000e+01 -7.842898e-01 8.963190e+00
      vertex   5.750000e+01 -1.562611e+00 8.860722e+00
    endloop
  endfacet
  facet normal 0.000000e+00 2.164396e-01 -9.762960e-01
    outer loop
      vertex   5.000000e+01 -1.562611e+00 8.860722e+00
      vertex   5.750000e+01 -1.562611e+00 8.860722e+00
      vertex   5.000000e+01 -2.329039e+00 8.690809e+00
    endloop
  endfacet
  facet normal 0.000000e+00 2.164396e-01 -9.762960e-01
    outer loop
      vertex   5.000000e+01 -2.329039e+00 8.690809e+00
      vertex   5.750000e+01 -1.562611e+00 8.860722e+00
      vertex   5.750000e+01 -2.329039e+00 8.690809e+00
    endloop
  endfacet
  facet normal 0.000000e+00 3.007058e-01 -9.537170e-01
    outer loop
      vertex   5.000000e+01 -2.329039e+00 8.690809e+00
      vertex   5.750000e+01 -2.329039e+00 8.690809e+00
      vertex   5.000000e+01 -3.077742e+00 8.454744e+00
    endloop
  endfacet
  facet normal 0.000000e+00 3.007058e-01 -9.537170e-01
    outer loop
      vertex   5.000000e+01 -3.077742e+00 8.454744e+00
      vertex   5.750000e+01 -2.329039e+00 8.690809e+00
      vertex   5.750000e+01 -3.077742e+00 8.454744e+00
    endloop
  endfacet
  facet normal 0.000000e+00 3.826834e-01 -9.238795e-01
    outer loop
      vertex   5.000000e+01 -3.077742e+00 8.454744e+00
      vertex   5.750000e+01 -3.077742e+00 8.454744e+00
      vertex   5.000000e+01 -3.803022e+00 8.154323e+00
    endloop
  endfacet
  facet normal 0.000000e+00 3.826834e-01 -9.238795e-01
    outer loop
      vertex   5.000000e+01 -3.803022e+00 8.154323e+00
      vertex   5.750000e+01 -3.077742e+00 8.454744e+00
      vertex   5.750000e+01 -3.803022e+00 8.154323e+00
    endloop
  endfacet
  facet normal 0.000000e+00 4.617486e-01 -8.870108e-01
    outer loop
      vertex   5.000000e+01 -3.803022e+00 8.154323e+00
      vertex   5.750000e+01 -3.803022e+00 8.154323e+00
      vertex   5.000000e+01 -4.499358e+00 7.791833e+00
    endloop
  endfacet
  facet normal 0.000000e+00 4.617486e-01 -8.870108e-01
    outer loop
      vertex   5.000000e+01 -4.499358e+00 7.791833e+00
      vertex   5.750000e+01 -3.803022e+00 8.154323e+00
      vertex   5.750000e+01 -4.499358e+00 7.791833e+00
    endloop
  endfacet
  facet normal 0.000000e+00 5.372996e-01 -8.433914e-01
    outer loop
      vertex   5.000000e+01 -4.499358e+00 7.791833e+00
      vertex   5.750000e+01 -4.499358e+00 7.791833e+00
      vertex   5.000000e+01 -5.161452e+00 7.370033e+00
    endloop
  endfacet
  facet normal 0.000000e+00 5.372996e-01 -8.433914e-01
    outer loop
      vertex   5.000000e+01 -5.161452e+00 7.370033e+00
      vertex   5.750000e+01 -4.499358e+00 7.791833e+00
      vertex   5.750000e+01 -5.161452e+00 7.370033e+00
    endloop
  endfacet
  facet normal 0.000000e+00 6.087614e-01 -7.933533e-01
    outer loop
      vertex   5.000000e+01 -5.161452e+00 7.370033e+00
      vertex   5.750000e+01 -5.161452e+00 7.370033e+00
      vertex   5.000000e+01 -5.784263e+00 6.892133e+00
    endloop
  endfacet
  facet normal 0.000000e+00 6.087614e-01 -7.933533e-01
    outer loop
      vertex   5.000000e+01 -5.784263e+00 6.892133e+00
      vertex   5.750000e+01 -5.161452e+00 7.370033e+00
      vertex   5.750000e+01 -5.784263e+00 6.892133e+00
    endloop
  endfacet
  facet normal 0.000000e+00 6.755902e-01 -7.372773e-01
    outer loop
      vertex   5.000000e+01 -5.784263e+00 6.892133e+00
      vertex   5.750000e+01 -5.784263e+00 6.892133e+00
      vertex   5.000000e+01 -6.363053e+00 6.361770e+00
    endloop
  endfacet
  facet normal 0.000000e+00 6.755902e-01 -7.372773e-01
    outer loop
      vertex   5.000000e+01 -6.363053e+00 6.361770e+00
      vertex   5.750000e+01 -5.784263e+00 6.892133e+00
      vertex   5.750000e+01 -6.363053e+00 6.361770e+00
    endloop
  endfacet
  facet normal 0.000000e+00 7.372773e-01 -6.755902e-01
    outer loop
      vertex   5.000000e+01 -6.363053e+00 6.361770e+00
      vertex   5.750000e+01 -6.363053e+00 6.361770e+00
      vertex   5.000000e+01 -6.893417e+00 5.782980e+00
    endloop
  endfacet
  facet normal 0.000000e+00 7.372773e-01 -6.755902e-01
    outer loop
      vertex   5.000000e+01 -6.893417e+00 5.782980e+00
      vertex   5.750000e+01 -6.363053e+00 6.361770e+00
      vertex   5.750000e+01 -6.893417e+00 5.782980e+00
    endloop
  endfacet
  facet normal 0.000000e+00 7.933533e-01 -6.087614e-01
    outer loop
      vertex   5.000000e+01 -6.893417e+00 5.782980e+00
      vertex   5.750000e+01 -6.893417e+00 5.782980e+00
      vertex   5.000000e+01 -7.371317e+00 5.160168e+00
    endloop
  endfacet
  facet normal 0.000000e+00 7.933533e-01 -6.087614e-01
    outer loop
      vertex   5.000000e+01 -7.371317e+00 5.160168e+00
      vertex   5.750000e+01 -6.893417e+00 5.782980e+00
      vertex   5.750000e+01 -7.371317e+00 5.160168e+00
    endloop
  endfacet
  facet normal 0.000000e+00 8.433914e-01 -5.372996e-01
    outer loop
      vertex   5.000000e+01 -7.371317e+00 5.160168e+00
      vertex   5.750000e+01 -7.371317e+00 5.160168e+00
      vertex   5.000000e+01 -7.793117e+00 4.498075e+00
    endloop
  endfacet
  facet normal 0.000000e+00 8.433914e-01 -5.372996e-01
    outer loop
      vertex   5.000000e+01 -7.793117e+00 4.498075e+00
      vertex   5.750000e+01 -7.371317e+00 5.160168e+00
      vertex   5.750000e+01 -7.793117e+00 4.498075e+00
    endloop
  endfacet
  facet normal 0.000000e+00 8.870108e-01 -4.617486e-01
    outer loop
      vertex   5.000000e+01 -7.793117e+00 4.498075e+00
      vertex   5.750000e+01 -7.793117e+00 4.498075e+00
      vertex   5.000000e+01 -8.155607e+00 3.801738e+00
    endloop
  endfacet
  facet normal 0.000000e+00 8.870108e-01 -4.617486e-01
    outer loop
      vertex   5.000000e+01 -8.155607e+00 3.801738e+00
      vertex   5.750000e+01 -7.793117e+00 4.498075e+00
      vertex   5.750000e+01 -8.155607e+00 3.801738e+00
    endloop
  endfacet
  facet normal 0.000000e+00 9.238795e-01 -3.826834e-01
    outer loop
      vertex   5.000000e+01 -8.155607e+00 3.801738e+00
      vertex   5.750000e+01 -8.155607e+00 3.801738e+00
      vertex   5.000000e+01 -8.456027e+00 3.076459e+00
    endloop
  endfacet
  facet normal 0.000000e+00 9.238795e-01 -3.826834e-01
    outer loop
      vertex   5.000000e+01 -8.456027e+00 3.076459e+00
      vertex   5.750000e+01 -8.155607e+00 3.801738e+00
      vertex   5.750000e+01 -8.456027e+00 3.076459e+00
    endloop
  endfacet
  facet normal 0.000000e+00 9.537170e-01 -3.007058e-01
    outer loop
      vertex   5.000000e+01 -8.456027e+00 3.076459e+00
      vertex   5.750000e+01 -8.456027e+00 3.076459e+00
      vertex   5.000000e+01 -8.692093e+00 2.327756e+00
    endloop
  endfacet
  facet normal 0.000000e+00 9.537170e-01 -3.007058e-01
    outer loop
      vertex   5.000000e+01 -8.692093e+00 2.327756e+00
      vertex   5.750000e+01 -8.456027e+00 3.076459e+00
      vertex   5.750000e+01 -8.692093e+00 2.327756e+00
    endloop
  endfacet
  facet normal 0.000000e+00 9.762960e-01 -2.164396e-01
    outer loop
      vertex   5.000000e+01 -8.692093e+00 2.327756e+00
      vertex   5.750000e+01 -8.692093e+00 2.327756e+00
      vertex   5.000000e+01 -8.862006e+00 1.561327e+00
    endloop
  endfacet
  facet normal 0.000000e+00 9.762960e-01 -2.164396e-01
    outer loop
      vertex   5.000000e+01 -8.862006e+00 1.561327e+00
      vertex   5.750000e+01 -8.692093e+00 2.327756e+00
      vertex   5.750000e+01 -8.862006e+00 1.561327e+00
    endloop
  endfacet
  facet normal 0.000000e+00 9.914449e-01 -1.305262e-01
    outer loop
      vertex   5.000000e+01 -8.862006e+00 1.561327e+00
      vertex   5.750000e+01 -8.862006e+00 1.561327e+00
      vertex   5.000000e+01 -8.964474e+00 7.830063e-01
    endloop
  endfacet
  facet normal 0.000000e+00 9.914449e-01 -1.305262e-01
    outer loop
      vertex   5.000000e+01 -8.964474e+00 7.830063e-01
      vertex   5.750000e+01 -8.862006e+00 1.561327e+00
      vertex   5.750000e+01 -8.964474e+00 7.830063e-01
    endloop
  endfacet
  facet normal 0.000000e+00 9.990482e-01 -4.361939e-02
    outer loop
      vertex   5.000000e+01 -8.964474e+00 7.830063e-01
      vertex   5.750000e+01 -8.964474e+00 7.830063e-01
      vertex   5.000000e+01 -8.998716e+00 -1.283549e-03
    endloop
  endfacet
  facet normal 0.000000e+00 9.990482e-01 -4.361939e-02
    outer loop
      vertex   5.000000e+01 -8.998716e+00 -1.283549e-03
      vertex   5.750000e+01 -8.964474e+00 7.830063e-01
      vertex   5.750000e+01 -8.998716e+00 -1.283549e-03
    endloop
  endfacet
  facet normal -0.000000e+00 9.990482e-01 4.361939e-02
    outer loop
      vertex   5.000000e+01 -8.998716e+00 -1.283549e-03
      vertex   5.750000e+01 -8.998716e+00 -1.283549e-03
      vertex   5.000000e+01 -8.964474e+00 -7.855734e-01
    endloop
  endfacet
  facet normal -0.000000e+00 9.990482e-01 4.361939e-02
    outer loop
      vertex   5.000000e+01 -8.964474e+00 -7.855734e-01
      vertex   5.750000e+01 -8.998716e+00 -1.283549e-03
      vertex   5.750000e+01 -8.964474e+00 -7.855734e-01
    endloop
  endfacet
  facet normal -0.000000e+00 9.914449e-01 1.305262e-01
    outer loop
      vertex   5.000000e+01 -8.964474e+00 -7.855734e-01
      vertex   5.750000e+01 -8.964474e+00 -7.855734e-01
      vertex   5.000000e+01 -8.862006e+00 -1.563894e+00
    endloop
  endfacet
  facet normal -0.000000e+00 9.914449e-01 1.305262e-01
    outer loop
      vertex   5.000000e+01 -8.862006e+00 -1.563894e+00
      vertex   5.750000e+01 -8.964474e+00 -7.855734e-01
      vertex   5.750000e+01 -8.862006e+00 -1.563894e+00
    endloop
  endfacet
  facet normal -0.000000e+00 9.762960e-01 2.164396e-01
    outer loop
      vertex   5.000000e+01 -8.862006e+00 -1.563894e+00
      vertex   5.750000e+01 -8.862006e+00 -1.563894e+00
      vertex   5.000000e+01 -8.692093e+00 -2.330323e+00
    endloop
  endfacet
  facet normal -0.000000e+00 9.762960e-01 2.164396e-01
    outer loop
      vertex   5.000000e+01 -8.692093e+00 -2.330323e+00
      vertex   5.750000e+01 -8.862006e+00 -1.563894e+00
      vertex   5.750000e+01 -8.692093e+00 -2.330323e+00
    endloop
  endfacet
  facet normal -0.000000e+00 9.537170e-01 3.007058e-01
    outer loop
      vertex   5.000000e+01 -8.692093e+00 -2.330323e+00
      vertex   5.750000e+01 -8.692093e+00 -2.330323e+00
      vertex   5.000000e+01 -8.456027e+00 -3.079026e+00
    endloop
  endfacet
  facet normal -0.000000e+00 9.537170e-01 3.007058e-01
    outer loop
      vertex   5.000000e+01 -8.456027e+00 -3.079026e+00
      vertex   5.750000e+01 -8.692093e+00 -2.330323e+00
      vertex   5.750000e+01 -8.456027e+00 -3.079026e+00
    endloop
  endfacet
  facet normal -0.000000e+00 9.238795e-01 3.826834e-01
    outer loop
      vertex   5.000000e+01 -8.456027e+00 -3.079026e+00
      vertex   5.750000e+01 -8.456027e+00 -3.079026e+00
      vertex   5.000000e+01 -8.155607e+00 -3.804305e+00
    endloop
  endfacet
  facet normal -0.000000e+00 9.238795e-01 3.826834e-01
    outer loop
      vertex   5.000000e+01 -8.155607e+00 -3.804305e+00
      vertex   5.750000e+01 -8.456027e+00 -3.079026e+00
      vertex   5.750000e+01 -8.155607e+00 -3.804305e+00
    endloop
  endfacet
  facet normal -0.000000e+00 8.870108e-01 4.617486e-01
    outer loop
      vertex   5.000000e+01 -8.155607e+00 -3.804305e+00
      vertex   5.750000e+01 -8.155607e+00 -3.804305e+00
      vertex   5.000000e+01 -7.793117e+00 -4.500642e+00
    endloop
  endfacet
  facet normal -0.000000e+00 8.870108e-01 4.617486e-01
    outer loop
      vertex   5.000000e+01 -7.793117e+00 -4.500642e+00
      vertex   5.750000e+01 -8.155607e+00 -3.804305e+00
      vertex   5.750000e+01 -7.793117e+00 -4.500642e+00
    endloop
  endfacet
  facet normal -0.000000e+00 8.433914e-01 5.372996e-01
    outer loop
      vertex   5.000000e+01 -7.793117e+00 -4.500642e+00
      vertex   5.750000e+01 -7.793117e+00 -4.500642e+00
      vertex   5.000000e+01 -7.371317e+00 -5.162735e+00
    endloop
  endfacet
  facet normal -0.000000e+00 8.433914e-01 5.372996e-01
    outer loop
      vertex   5.000000e+01 -7.371317e+00 -5.162735e+00
      vertex   5.750000e+01 -7.793117e+00 -4.500642e+00
      vertex   5.750000e+01 -7.371317e+00 -5.162735e+00
    endloop
  endfacet
  facet normal -0.000000e+00 7.933533e-01 6.087614e-01
    outer loop
      vertex   5.000000e+01 -7.371317e+00 -5.162735e+00
      vertex   5.750000e+01 -7.371317e+00 -5.162735e+00
      vertex   5.000000e+01 -6.893417e+00 -5.785547e+00
    endloop
  endfacet
  facet normal -0.000000e+00 7.933533e-01 6.087614e-01
    outer loop
      vertex   5.000000e+01 -6.893417e+00 -5.785547e+00
      vertex   5.750000e+01 -7.371317e+00 -5.162735e+00
      vertex   5.750000e+01 -6.893417e+00 -5.785547e+00
    endloop
  endfacet
  facet normal -0.000000e+00 7.372773e-01 6.755902e-01
    outer loop
      vertex   5.000000e+01 -6.893417e+00 -5.785547e+00
      vertex   5.750000e+01 -6.893417e+00 -5.785547e+00
      vertex   5.000000e+01 -6.363053e+00 -6.364337e+00
    endloop
  endfacet
  facet normal -0.000000e+00 7.372773e-01 6.755902e-01
    outer loop
      vertex   5.000000e+01 -6.363053e+00 -6.364337e+00
      vertex   5.750000e+01 -6.893417e+00 -5.785547e+00
      vertex   5.750000e+01 -6.363053e+00 -6.364337e+00
    endloop
  endfacet
  facet normal -0.000000e+00 6.755902e-01 7.372773e-01
    outer loop
      vertex   5.000000e+01 -6.363053e+00 -6.364337e+00
      vertex   5.750000e+01 -6.363053e+00 -6.364337e+00
      vertex   5.000000e+01 -5.784263e+00 -6.894700e+00
    endloop
  endfacet
  facet normal -0.000000e+00 6.755902e-01 7.372773e-01
    outer loop
      vertex   5.000000e+01 -5.784263e+00 -6.894700e+00
      vertex   5.750000e+01 -6.363053e+00 -6.364337e+00
      vertex   5.750000e+01 -5.784263e+00 -6.894700e+00
    endloop
  endfacet
  facet normal -0.000000e+00 6.087614e-01 7.933533e-01
    outer loop
      vertex   5.000000e+01 -5.784263e+00 -6.894700e+00
      vertex   5.750000e+01 -5.784263e+00 -6.894700e+00
      vertex   5.000000e+01 -5.161452e+00 -7.372601e+00
    endloop
  endfacet
  facet normal -0.000000e+00 6.087614e-01 7.933533e-01
    outer loop
      vertex   5.000000e+01 -5.161452e+00 -7.372601e+00
      vertex   5.750000e+01 -5.784263e+00 -6.894700e+00
      vertex   5.750000e+01 -5.161452e+00 -7.372601e+00
    endloop
  endfacet
  facet normal -0.000000e+00 5.372996e-01 8.433914e-01
    outer loop
      vertex   5.000000e+01 -5.161452e+00 -7.372601e+00
      vertex   5.750000e+01 -5.161452e+00 -7.372601e+00
      vertex   5.000000e+01 -4.499358e+00 -7.794401e+00
    endloop
  endfacet
  facet normal -0.000000e+00 5.372996e-01 8.433914e-01
    outer loop
      vertex   5.000000e+01 -4.499358e+00 -7.794401e+00
      vertex   5.750000e+01 -5.161452e+00 -7.372601e+00
      vertex   5.750000e+01 -4.499358e+00 -7.794401e+00
    endloop
  endfacet
  facet normal -0.000000e+00 4.617486e-01 8.870108e-01
    outer loop
      vertex   5.000000e+01 -4.499358e+00 -7.794401e+00
      vertex   5.750000e+01 -4.499358e+00 -7.794401e+00
      vertex   5.000000e+01 -3.803022e+00 -8.156890e+00
    endloop
  endfacet
  facet normal -0.000000e+00 4.617486e-01 8.870108e-01
    outer loop
      vertex   5.000000e+01 -3.803022e+00 -8.156890e+00
      vertex   5.750000e+01 -4.499358e+00 -7.794401e+00
      vertex   5.750000e+01 -3.803022e+00 -8.156890e+00
    endloop
  endfacet
  facet normal -0.000000e+00 3.826834e-01 9.238795e-01
    outer loop
      vertex   5.000000e+01 -3.803022e+00 -8.156890e+00
      vertex   5.750000e+01 -3.803022e+00 -8.156890e+00
      vertex   5.000000e+01 -3.077742e+00 -8.457311e+00
    endloop
  endfacet
  facet normal -0.000000e+00 3.826834e-01 9.238795e-01
    outer loop
      vertex   5.000000e+01 -3.077742e+00 -8.457311e+00
      vertex   5.750000e+01 -3.803022e+00 -8.156890e+00
      vertex   5.750000e+01 -3.077742e+00 -8.457311e+00
    endloop
  endfacet
  facet normal -0.000000e+00 3.007058e-01 9.537170e-01
    outer loop
      vertex   5.000000e+01 -3.077742e+00 -8.457311e+00
      vertex   5.750000e+01 -3.077742e+00 -8.457311e+00
      vertex   5.000000e+01 -2.329039e+00 -8.693376e+00
    endloop
  endfacet
  facet normal 0.000000e+00 1.305262e-01 -9.914449e-01
    outer loop
      vertex   2.750000e+01 -1.562611e+00 8.860722e+00
      vertex   3.500000e+01 -7.842898e-01 8.963190e+00
      vertex   3.500000e+01 -1.562611e+00 8.860722e+00
    endloop
  endfacet
  facet normal 0.000000e+00 1.305262e-01 -9.914449e-01
    outer loop
      vertex   3.500000e+01 -1.562611e+00 8.860722e+00
      vertex   3.500000e+01 -7.842898e-01 8.963190e+00
      vertex   4.250000e+01 -7.842898e-01 8.963190e+00
    endloop
  endfacet
  facet normal 0.000000e+00 1.305262e-01 -9.914449e-01
    outer loop
      vertex   5.000000e+01 -7.842898e-01 8.963190e+00
      vertex   5.000000e+01 -1.562611e+00 8.860722e+00
      vertex   4.250000e+01 -1.562611e+00 8.860722e+00
    endloop
  endfacet
  facet normal 0.000000e+00 2.164396e-01 -9.762960e-01
    outer loop
      vertex   4.250000e+01 -1.562611e+00 8.860722e+00
      vertex   5.000000e+01 -1.562611e+00 8.860722e+00
      vertex   4.250000e+01 -2.329039e+00 8.690809e+00
    endloop
  endfacet
  facet normal 0.000000e+00 2.164396e-01 -9.762960e-01
    outer loop
      vertex   4.250000e+01 -1.562611e+00 8.860722e+00
      vertex   4.250000e+01 -2.329039e+00 8.690809e+00
      vertex   3.500000e+01 -2.329039e+00 8.690809e+00
    endloop
  endfacet
  facet normal 0.000000e+00 3.007058e-01 -9.537170e-01
    outer loop
      vertex   3.500000e+01 -2.329039e+00 8.690809e+00
      vertex   4.250000e+01 -2.329039e+00 8.690809e+00
      vertex   3.500000e+01 -3.077742e+00 8.454744e+00
    endloop
  endfacet
  facet normal 0.000000e+00 3.007058e-01 -9.537170e-01
    outer loop
      vertex   3.500000e+01 -2.329039e+00 8.690809e+00
      vertex   3.500000e+01 -3.077742e+00 8.454744e+00
      vertex   2.750000e+01 -3.077742e+00 8.454744e+00
    endloop
  endfacet
  facet normal 0.000000e+00 3.826834e-01 -9.238795e-01
    outer loop
      vertex   2.750000e+01 -3.077742e+00 8.454744e+00
      vertex   3.500000e+01 -3.077742e+00 8.454744e+00
      vertex   2.750000e+01 -3.803022e+00 8.154323e+00
    endloop
  endfacet
  facet normal 0.000000e+00 2.164396e-01 -9.762960e-01
    outer loop
      vertex   4.250000e+01 -2.329039e+00 8.690809e+00
      vertex   5.000000e+01 -1.562611e+00 8.860722e+00
      vertex   5.000000e+01 -2.329039e+00 8.690809e+00
    endloop
  endfacet
  facet normal 0.000000e+00 2.164396e-01 -9.762960e-01
    outer loop
      vertex   2.750000e+01 -2.329039e+00 8.690809e+00
      vertex   2.750000e+01 -1.562611e+00 8.860722e+00
      vertex   3.500000e+01 -1.562611e+00 8.860722e+00
    endloop
  endfacet
  facet normal 0.000000e+00 3.007058e-01 -9.537170e-01
    outer loop
      vertex   4.250000e+01 -2.329039e+00 8.690809e+00
      vertex   5.000000e+01 -2.329039e+00 8.690809e+00
      vertex   4.250000e+01 -3.077742e+00 8.454744e+00
    endloop
  endfacet
  facet normal 0.000000e+00 3.007058e-01 -9.537170e-01
    outer loop
      vertex   4.250000e+01 -3.077742e+00 8.454744e+00
      vertex   5.000000e+01 -2.329039e+00 8.690809e+00
      vertex   5.000000e+01 -3.077742e+00 8.454744e+00
    endloop
  endfacet
  facet normal 0.000000e+00 3.826834e-01 -9.238795e-01
    outer loop
      vertex   4.250000e+01 -3.077742e+00 8.454744e+00
      vertex   5.000000e+01 -3.077742e+00 8.454744e+00
      vertex   4.250000e+01 -3.803022e+00 8.154323e+00
    endloop
  endfacet
  facet normal 0.000000e+00 3.826834e-01 -9.238795e-01
    outer loop
      vertex   4.250000e+01 -3.803022e+00 8.154323e+00
      vertex   5.000000e+01 -3.077742e+00 8.454744e+00
      vertex   5.000000e+01 -3.803022e+00 8.154323e+00
    endloop
  endfacet
  facet normal 0.000000e+00 4.617486e-01 -8.870108e-01
    outer loop
      vertex   4.250000e+01 -3.803022e+00 8.154323e+00
      vertex   5.000000e+01 -3.803022e+00 8.154323e+00
      vertex   4.250000e+01 -4.499358e+00 7.791833e+00
    endloop
  endfacet
  facet normal 0.000000e+00 4.617486e-01 -8.870108e-01
    outer loop
      vertex   4.250000e+01 -4.499358e+00 7.791833e+00
      vertex   5.000000e+01 -3.803022e+00 8.154323e+00
      vertex   5.000000e+01 -4.499358e+00 7.791833e+00
    endloop
  endfacet
  facet normal 0.000000e+00 5.372996e-01 -8.433914e-01
    outer loop
      vertex   4.250000e+01 -4.499358e+00 7.791833e+00
      vertex   5.000000e+01 -4.499358e+00 7.791833e+00
      vertex   4.250000e+01 -5.161452e+00 7.370033e+00
    endloop
  endfacet
  facet normal 0.000000e+00 5.372996e-01 -8.433914e-01
    outer loop
      vertex   4.250000e+01 -5.161452e+00 7.370033e+00
      vertex   5.000000e+01 -4.499358e+00 7.791833e+00
      vertex   5.000000e+01 -5.161452e+00 7.370033e+00
    endloop
  endfacet
  facet normal 0.000000e+00 6.087614e-01 -7.933533e-01
    outer loop
      vertex   4.250000e+01 -5.161452e+00 7.370033e+00
      vertex   5.000000e+01 -5.161452e+00 7.370033e+00
      vertex   4.250000e+01 -5.784263e+00 6.892133e+00
    endloop
  endfacet
  facet normal 0.000000e+00 6.087614e-01 -7.933533e-01
    outer loop
      vertex   4.250000e+01 -5.784263e+00 6.892133e+00
      vertex   5.000000e+01 -5.161452e+00 7.370033e+00
      vertex   5.000000e+01 -5.784263e+00 6.892133e+00
    endloop
  endfacet
  facet normal 0.000000e+00 6.755902e-01 -7.372773e-01
    outer loop
      vertex   4.250000e+01 -5.784263e+00 6.892133e+00
      vertex   5.000000e+01 -5.784263e+00 6.892133e+00
      vertex   4.250000e+01 -6.363053e+00 6.361770e+00
    endloop
  endfacet
  facet normal 0.000000e+00 6.755902e-01 -7.372773e-01
    outer loop
      vertex   4.250000e+01 -6.363053e+00 6.361770e+00
      vertex   5.000000e+01 -5.784263e+00 6.892133e+00
      vertex   5.000000e+01 -6.363053e+00 6.361770e+00
    endloop
  endfacet
  facet normal 0.000000e+00 7.372773e-01 -6.755902e-01
    outer loop
      vertex   4.250000e+01 -6.363053e+00 6.361770e+00
      vertex   5.000000e+01 -6.363053e+00 6.361770e+00
      vertex   4.250000e+01 -6.893417e+00 5.782980e+00
    endloop
  endfacet
  facet normal 0.000000e+00 7.372773e-01 -6.755902e-01
    outer loop
      vertex   4.250000e+01 -6.893417e+00 5.782980e+00
      vertex   5.000000e+01 -6.363053e+00 6.361770e+00
      vertex   5.000000e+01 -6.893417e+00 5.782980e+00
    endloop
  endfacet
  facet normal 0.000000e+00 7.933533e-01 -6.087614e-01
    outer loop
      vertex   4.250000e+01 -6.893417e+00 5.782980e+00
      vertex   5.000000e+01 -6.893417e+00 5.782980e+00
      vertex   4.250000e+01 -7.371317e+00 5.160168e+00
    endloop
  endfacet
  facet normal 0.000000e+00 7.933533e-01 -6.087614e-01
    outer loop
      vertex   4.250000e+01 -7.371317e+00 5.160168e+00
      vertex   5.000000e+01 -6.893417e+00 5.782980e+00
      vertex   5.000000e+01 -7.371317e+00 5.160168e+00
    endloop
  endfacet
  facet normal 0.000000e+00 8.433914e-01 -5.372996e-01
    outer loop
      vertex   4.250000e+01 -7.371317e+00 5.160168e+00
      vertex   5.000000e+01 -7.371317e+00 5.160168e+00
      vertex   4.250000e+01 -7.793117e+00 4.498075e+00
    endloop
  endfacet
  facet normal 0.000000e+00 8.433914e-01 -5.372996e-01
    outer loop
      vertex   4.250000e+01 -7.793117e+00 4.498075e+00
      vertex   5.000000e+01 -7.371317e+00 5.160168e+00
      vertex   5.000000e+01 -7.793117e+00 4.498075e+00
    endloop
  endfacet
  facet normal 0.000000e+00 8.870108e-01 -4.617486e-01
    outer loop
      vertex   4.250000e+01 -7.793117e+00 4.498075e+00
      vertex   5.000000e+01 -7.793117e+00 4.498075e+00
      vertex   4.250000e+01 -8.155607e+00 3.801738e+00
    endloop
  endfacet
  facet normal 0.000000e+00 8.870108e-01 -4.617486e-01
    outer loop
      vertex   4.250000e+01 -8.155607e+00 3.801738e+00
      vertex   5.000000e+01 -7.793117e+00 4.498075e+00
      vertex   5.000000e+01 -8.155607e+00 3.801738e+00
    endloop
  endfacet
  facet normal 0.000000e+00 9.238795e-01 -3.826834e-01
    outer loop
      vertex   4.250000e+01 -8.155607e+00 3.801738e+00
      vertex   5.000000e+01 -8.155607e+00 3.801738e+00
      vertex   4.250000e+01 -8.456027e+00 3.076459e+00
    endloop
  endfacet
  facet normal 0.000000e+00 9.238795e-01 -3.826834e-01
    outer loop
      vertex   4.250000e+01 -8.456027e+00 3.076459e+00
      vertex   5.000000e+01 -8.155607e+00 3.801738e+00
      vertex   5.000000e+01 -8.456027e+00 3.076459e+00
    endloop
  endfacet
  facet normal 0.000000e+00 9.537170e-01 -3.007058e-01
    outer loop
      vertex   4.250000e+01 -8.456027e+00 3.076459e+00
      vertex   5.000000e+01 -8.456027e+00 3.076459e+00
      vertex   4.250000e+01 -8.692093e+00 2.327756e+00
    endloop
  endfacet
  facet normal 0.000000e+00 9.537170e-01 -3.007058e-01
    outer loop
      vertex   4.250000e+01 -8.692093e+00 2.327756e+00
      vertex   5.000000e+01 -8.456027e+00 3.076459e+00
      vertex   5.000000e+01 -8.692093e+00 2.327756e+00
    endloop
  endfacet
  facet normal 0.000000e+00 9.762960e-01 -2.164396e-01
    outer loop
      vertex   4.250000e+01 -8.692093e+00 2.327756e+00
      vertex   5.000000e+01 -8.692093e+00 2.327756e+00
      vertex   4.250000e+01 -8.862006e+00 1.561327e+00
    endloop
  endfacet
  facet normal 0.000000e+00 9.762960e-01 -2.164396e-01
    outer loop
      vertex   4.250000e+01 -8.862006e+00 1.561327e+00
      vertex   5.000000e+01 -8.692093e+00 2.327756e+00
      vertex   5.000000e+01 -8.862006e+00 1.561327e+00
    endloop
  endfacet
  facet normal 0.000000e+00 9.914449e-01 -1.305262e-01
    outer loop
      vertex   4.250000e+01 -8.862006e+00 1.561327e+00
      vertex   5.000000e+01 -8.862006e+00 1.561327e+00
      vertex   4.250000e+01 -8.964474e+00 7.830063e-01
    endloop
  endfacet
  facet normal 0.000000e+00 9.914449e-01 -1.305262e-01
    outer loop
      vertex   4.250000e+01 -8.964474e+00 7.830063e-01
      vertex   5.000000e+01 -8.862006e+00 1.561327e+00
      vertex   5.000000e+01 -8.964474e+00 7.830063e-01
    endloop
  endfacet
  facet normal 0.000000e+00 9.990482e-01 -4.361939e-02
    outer loop
      vertex   4.250000e+01 -8.964474e+00 7.830063e-01
      vertex   5.000000e+01 -8.964474e+00 7.830063e-01
      vertex   4.250000e+01 -8.998716e+00 -1.283549e-03
    endloop
  endfacet
  facet normal 0.000000e+00 9.990482e-01 -4.361939e-02
    outer loop
      vertex   4.250000e+01 -8.998716e+00 -1.283549e-03
      vertex   5.000000e+01 -8.964474e+00 7.830063e-01
      vertex   5.000000e+01 -8.998716e+00 -1.283549e-03
    endloop
  endfacet
  facet normal -0.000000e+00 9.990482e-01 4.361939e-02
    outer loop
      vertex   4.250000e+01 -8.998716e+00 -1.283549e-03
      vertex   5.000000e+01 -8.998716e+00 -1.283549e-03
      vertex   4.250000e+01 -8.964474e+00 -7.855734e-01
    endloop
  endfacet
  facet normal -0.000000e+00 9.990482e-01 4.361939e-02
    outer loop
      vertex   4.250000e+01 -8.964474e+00 -7.855734e-01
      vertex   5.000000e+01 -8.998716e+00 -1.283549e-03
      vertex   5.000000e+01 -8.964474e+00 -7.855734e-01
    endloop
  endfacet
  facet normal -0.000000e+00 9.914449e-01 1.305262e-01
    outer loop
      vertex   4.250000e+01 -8.964474e+00 -7.855734e-01
      vertex   5.000000e+01 -8.964474e+00 -7.855734e-01
      vertex   4.250000e+01 -8.862006e+00 -1.563894e+00
    endloop
  endfacet
  facet normal -0.000000e+00 9.914449e-01 1.305262e-01
    outer loop
      vertex   4.250000e+01 -8.862006e+00 -1.563894e+00
      vertex   5.000000e+01 -8.964474e+00 -7.855734e-01
      vertex   5.000000e+01 -8.862006e+00 -1.563894e+00
    endloop
  endfacet
  facet normal -0.000000e+00 9.762960e-01 2.164396e-01
    outer loop
      vertex   4.250000e+01 -8.862006e+00 -1.563894e+00
      vertex   5.000000e+01 -8.862006e+00 -1.563894e+00
      vertex   4.250000e+01 -8.692093e+00 -2.330323e+00
    endloop
  endfacet
  facet normal -0.000000e+00 9.762960e-01 2.164396e-01
    outer loop
      vertex   4.250000e+01 -8.692093e+00 -2.330323e+00
      vertex   5.000000e+01 -8.862006e+00 -1.563894e+00
      vertex   5.000000e+01 -8.692093e+00 -2.330323e+00
    endloop
  endfacet
  facet normal -0.000000e+00 9.537170e-01 3.007058e-01
    outer loop
      vertex   4.250000e+01 -8.692093e+00 -2.330323e+00
      vertex   5.000000e+01 -8.692093e+00 -2.330323e+00
      vertex   4.250000e+01 -8.456027e+00 -3.079026e+00
    endloop
  endfacet
  facet normal -0.000000e+00 9.537170e-01 3.007058e-01
    outer loop
      vertex   4.250000e+01 -8.456027e+00 -3.079026e+00
      vertex   5.000000e+01 -8.692093e+00 -2.330323e+00
      vertex   5.000000e+01 -8.456027e+00 -3.079026e+00
    endloop
  endfacet
  facet normal -0.000000e+00 9.238795e-01 3.826834e-01
    outer loop
      vertex   4.250000e+01 -8.456027e+00 -3.079026e+00
      vertex   5.000000e+01 -8.456027e+00 -3.079026e+00
      vertex   4.250000e+01 -8.155607e+00 -3.804305e+00
    endloop
  endfacet
  facet normal -0.000000e+00 9.238795e-01 3.826834e-01
    outer loop
      vertex   4.250000e+01 -8.155607e+00 -3.804305e+00
      vertex   5.000000e+01 -8.456027e+00 -3.079026e+00
      vertex   5.000000e+01 -8.155607e+00 -3.804305e+00
    endloop
  endfacet
  facet normal -0.000000e+00 8.870108e-01 4.617486e-01
    outer loop
      vertex   4.250000e+01 -8.155607e+00 -3.804305e+00
      vertex   5.000000e+01 -8.155607e+00 -3.804305e+00
      vertex   4.250000e+01 -7.793117e+00 -4.500642e+00
    endloop
  endfacet
  facet normal -0.000000e+00 8.870108e-01 4.617486e-01
    outer loop
      vertex   4.250000e+01 -7.793117e+00 -4.500642e+00
      vertex   5.000000e+01 -8.155607e+00 -3.804305e+00
      vertex   5.000000e+01 -7.793117e+00 -4.500642e+00
    endloop
  endfacet
  facet normal -0.000000e+00 8.433914e-01 5.372996e-01
    outer loop
      vertex   4.250000e+01 -7.793117e+00 -4.500642e+00
      vertex   5.000000e+01 -7.793117e+00 -4.500642e+00
      vertex   4.250000e+01 -7.371317e+00 -5.162735e+00
    endloop
  endfacet
  facet normal -0.000000e+00 8.433914e-01 5.372996e-01
    outer loop
      vertex   4.250000e+01 -7.371317e+00 -5.162735e+00
      vertex   5.000000e+01 -7.793117e+00 -4.500642e+00
      vertex   5.000000e+01 -7.371317e+00 -5.162735e+00
    endloop
  endfacet
  facet normal -0.000000e+00 7.933533e-01 6.087614e-01
    outer loop
      vertex   4.250000e+01 -7.371317e+00 -5.162735e+00
      vertex   5.000000e+01 -7.371317e+00 -5.162735e+00
      vertex   4.250000e+01 -6.893417e+00 -5.785547e+00
    endloop
  endfacet
  facet normal -0.000000e+00 7.933533e-01 6.087614e-01
    outer loop
      vertex   4.250000e+01 -6.893417e+00 -5.785547e+00
      vertex   5.000000e+01 -7.371317e+00 -5.162735e+00
      vertex   5.000000e+01 -6.893417e+00 -5.785547e+00
    endloop
  endfacet
  facet normal -0.000000e+00 7.372773e-01 6.755902e-01
    outer loop
      vertex   4.250000e+01 -6.893417e+00 -5.785547e+00
      vertex   5.000000e+01 -6.893417e+00 -5.785547e+00
      vertex   4.250000e+01 -6.363053e+00 -6.364337e+00
    endloop
  endfacet
  facet normal -0.000000e+00 7.372773e-01 6.755902e-01
    outer loop
      vertex   4.250000e+01 -6.363053e+00 -6.364337e+00
      vertex   5.000000e+01 -6.893417e+00 -5.785547e+00
      vertex   5.000000e+01 -6.363053e+00 -6.364337e+00
    endloop
  endfacet
  facet normal -0.000000e+00 6.755902e-01 7.372773e-01
    outer loop
      vertex   4.250000e+01 -6.363053e+00 -6.364337e+00
      vertex   5.000000e+01 -6.363053e+00 -6.364337e+00
      vertex   4.250000e+01 -5.784263e+00 -6.894700e+00
    endloop
  endfacet
  facet normal -0.000000e+00 6.755902e-01 7.372773e-01
    outer loop
      vertex   4.250000e+01 -5.784263e+00 -6.894700e+00
      vertex   5.000000e+01 -6.363053e+00 -6.364337e+00
      vertex   5.000000e+01 -5.784263e+00 -6.894700e+00
    endloop
  endfacet
  facet normal -0.000000e+00 6.087614e-01 7.933533e-01
    outer loop
      vertex   4.250000e+01 -5.784263e+00 -6.894700e+00
      vertex   5.000000e+01 -5.784263e+00 -6.894700e+00
      vertex   4.250000e+01 -5.161452e+00 -7.372601e+00
    endloop
  endfacet
  facet normal -0.000000e+00 6.087614e-01 7.933533e-01
    outer loop
      vertex   4.250000e+01 -5.161452e+00 -7.372601e+00
      vertex   5.000000e+01 -5.784263e+00 -6.894700e+00
      vertex   5.000000e+01 -5.161452e+00 -7.372601e+00
    endloop
  endfacet
  facet normal -0.000000e+00 5.372996e-01 8.433914e-01
    outer loop
      vertex   4.250000e+01 -5.161452e+00 -7.372601e+00
      vertex   5.000000e+01 -5.161452e+00 -7.372601e+00
      vertex   4.250000e+01 -4.499358e+00 -7.794401e+00
    endloop
  endfacet
  facet normal -0.000000e+00 5.372996e-01 8.433914e-01
    outer loop
      vertex   4.250000e+01 -4.499358e+00 -7.794401e+00
      vertex   5.000000e+01 -5.161452e+00 -7.372601e+00
      vertex   5.000000e+01 -4.499358e+00 -7.794401e+00
    endloop
  endfacet
  facet normal -0.000000e+00 4.617486e-01 8.870108e-01
    outer loop
      vertex   4.250000e+01 -4.499358e+00 -7.794401e+00
      vertex   5.000000e+01 -4.499358e+00 -7.794401e+00
      vertex   4.250000e+01 -3.803022e+00 -8.156890e+00
    endloop
  endfacet
  facet normal -0.000000e+00 4.617486e-01 8.870108e-01
    outer loop
      vertex   4.250000e+01 -3.803022e+00 -8.156890e+00
      vertex   5.000000e+01 -4.499358e+00 -7.794401e+00
      vertex   5.000000e+01 -3.803022e+00 -8.156890e+00
    endloop
  endfacet
  facet normal -0.000000e+00 3.826834e-01 9.238795e-01
    outer loop
      vertex   4.250000e+01 -3.803022e+00 -8.156890e+00
      vertex   5.000000e+01 -3.803022e+00 -8.156890e+00
      vertex   4.250000e+01 -3.077742e+00 -8.457311e+00
    endloop
  endfacet
  facet normal -0.000000e+00 3.826834e-01 9.238795e-01
    outer loop
      vertex   4.250000e+01 -3.077742e+00 -8.457311e+00
      vertex   5.000000e+01 -3.803022e+00 -8.156890e+00
      vertex   5.000000e+01 -3.077742e+00 -8.457311e+00
    endloop
  endfacet
  facet normal -0.000000e+00 3.007058e-01 9.537170e-01
    outer loop
      vertex   4.250000e+01 -3.077742e+00 -8.457311e+00
      vertex   5.000000e+01 -3.077742e+00 -8.457311e+00
      vertex   4.250000e+01 -2.329039e+00 -8.693376e+00
    endloop
  endfacet
  facet normal -0.000000e+00 3.007058e-01 9.537170e-01
    outer loop
      vertex   4.250000e+01 -2.329039e+00 -8.693376e+00
      vertex   5.000000e+01 -3.077742e+00 -8.457311e+00
      vertex   5.000000e+01 -2.329039e+00 -8.693376e+00
    endloop
  endfacet
  facet normal -0.000000e+00 2.164396e-01 9.762960e-01
    outer loop
      vertex   4.250000e+01 -2.329039e+00 -8.693376e+00
      vertex   5.000000e+01 -2.329039e+00 -8.693376e+00
      vertex   4.250000e+01 -1.562611e+00 -8.863289e+00
    endloop
  endfacet
  facet normal 0.000000e+00 3.007058e-01 -9.537170e-01
    outer loop
      vertex   4.250000e+01 -2.329039e+00 8.690809e+00
      vertex   4.250000e+01 -3.077742e+00 8.454744e+00
      vertex   3.500000e+01 -3.077742e+00 8.454744e+00
    endloop
  endfacet
  facet normal 0.000000e+00 3.826834e-01 -9.238795e-01
    outer loop
      vertex   3.500000e+01 -3.077742e+00 8.454744e+00
      vertex   4.250000e+01 -3.077742e+00 8.454744e+00
      vertex   3.500000e+01 -3.803022e+00 8.154323e+00
    endloop
  endfacet
  facet normal 0.000000e+00 3.826834e-01 -9.238795e-01
    outer loop
      vertex   3.500000e+01 -3.077742e+00 8.454744e+00
      vertex   3.500000e+01 -3.803022e+00 8.154323e+00
      vertex   2.750000e+01 -3.803022e+00 8.154323e+00
    endloop
  endfacet
  facet normal 0.000000e+00 4.617486e-01 -8.870108e-01
    outer loop
      vertex   2.750000e+01 -3.803022e+00 8.154323e+00
      vertex   3.500000e+01 -3.803022e+00 8.154323e+00
      vertex   2.750000e+01 -4.499358e+00 7.791833e+00
    endloop
  endfacet
  facet normal 0.000000e+00 3.826834e-01 -9.238795e-01
    outer loop
      vertex   3.500000e+01 -3.803022e+00 8.154323e+00
      vertex   4.250000e+01 -3.077742e+00 8.454744e+00
      vertex   4.250000e+01 -3.803022e+00 8.154323e+00
    endloop
  endfacet
  facet normal 0.000000e+00 4.617486e-01 -8.870108e-01
    outer loop
      vertex   3.500000e+01 -3.803022e+00 8.154323e+00
      vertex   4.250000e+01 -3.803022e+00 8.154323e+00
      vertex   3.500000e+01 -4.499358e+00 7.791833e+00
    endloop
  endfacet
  facet normal 0.000000e+00 4.617486e-01 -8.870108e-01
    outer loop
      vertex   3.500000e+01 -4.499358e+00 7.791833e+00
      vertex   4.250000e+01 -3.803022e+00 8.154323e+00
      vertex   4.250000e+01 -4.499358e+00 7.791833e+00
    endloop
  endfacet
  facet normal 0.000000e+00 5.372996e-01 -8.433914e-01
    outer loop
      vertex   3.500000e+01 -4.499358e+00 7.791833e+00
      vertex   4.250000e+01 -4.499358e+00 7.791833e+00
      vertex   3.500000e+01 -5.161452e+00 7.370033e+00
    endloop
  endfacet
  facet normal 0.000000e+00 5.372996e-01 -8.433914e-01
    outer loop
      vertex   3.500000e+01 -5.161452e+00 7.370033e+00
      vertex   4.250000e+01 -4.499358e+00 7.791833e+00
      vertex   4.250000e+01 -5.161452e+00 7.370033e+00
    endloop
  endfacet
  facet normal 0.000000e+00 6.087614e-01 -7.933533e-01
    outer loop
      vertex   3.500000e+01 -5.161452e+00 7.370033e+00
      vertex   4.250000e+01 -5.161452e+00 7.370033e+00
      vertex   3.500000e+01 -5.784263e+00 6.892133e+00
    endloop
  endfacet
  facet normal 0.000000e+00 6.087614e-01 -7.933533e-01
    outer loop
      vertex   3.500000e+01 -5.784263e+00 6.892133e+00
      vertex   4.250000e+01 -5.161452e+00 7.370033e+00
      vertex   4.250000e+01 -5.784263e+00 6.892133e+00
    endloop
  endfacet
  facet normal 0.000000e+00 6.755902e-01 -7.372773e-01
    outer loop
      vertex   3.500000e+01 -5.784263e+00 6.892133e+00
      vertex   4.250000e+01 -5.784263e+00 6.892133e+00
      vertex   3.500000e+01 -6.363053e+00 6.361770e+00
    endloop
  endfacet
  facet normal 2.191567e-17 6.755902e-01 -7.372773e-01
    outer loop
      vertex   3.500000e+01 -6.363053e+00 6.361770e+00
      vertex   4.250000e+01 -5.784263e+00 6.892133e+00
      vertex   4.250000e+01 -6.363053e+00 6.361770e+00
    endloop
  endfacet
  facet normal -2.191567e-17 7.372773e-01 -6.755902e-01
    outer loop
      vertex   3.500000e+01 -6.363053e+00 6.361770e+00
      vertex   4.250000e+01 -6.363053e+00 6.361770e+00
      vertex   3.500000e+01 -6.893417e+00 5.782980e+00
    endloop
  endfacet
  facet normal 1.161806e-16 7.372773e-01 -6.755902e-01
    outer loop
      vertex   3.500000e+01 -6.893417e+00 5.782980e+00
      vertex   4.250000e+01 -6.363053e+00 6.361770e+00
      vertex   4.250000e+01 -6.893417e+00 5.782980e+00
    endloop
  endfacet
  facet normal 1.302323e-17 7.933533e-01 -6.087614e-01
    outer loop
      vertex   3.500000e+01 -6.893417e+00 5.782980e+00
      vertex   4.250000e+01 -6.893417e+00 5.782980e+00
      vertex   3.500000e+01 -7.371317e+00 5.160168e+00
    endloop
  endfacet
  facet normal 0.000000e+00 7.933533e-01 -6.087614e-01
    outer loop
      vertex   3.500000e+01 -7.371317e+00 5.160168e+00
      vertex   4.250000e+01 -6.893417e+00 5.782980e+00
      vertex   4.250000e+01 -7.371317e+00 5.160168e+00
    endloop
  endfacet
  facet normal 0.000000e+00 8.433914e-01 -5.372996e-01
    outer loop
      vertex   3.500000e+01 -7.371317e+00 5.160168e+00
      vertex   4.250000e+01 -7.371317e+00 5.160168e+00
      vertex   3.500000e+01 -7.793117e+00 4.498075e+00
    endloop
  endfacet
  facet normal 0.000000e+00 8.433914e-01 -5.372996e-01
    outer loop
      vertex   3.500000e+01 -7.793117e+00 4.498075e+00
      vertex   4.250000e+01 -7.371317e+00 5.160168e+00
      vertex   4.250000e+01 -7.793117e+00 4.498075e+00
    endloop
  endfacet
  facet normal 0.000000e+00 8.870108e-01 -4.617486e-01
    outer loop
      vertex   3.500000e+01 -7.793117e+00 4.498075e+00
      vertex   4.250000e+01 -7.793117e+00 4.498075e+00
      vertex   3.500000e+01 -8.155607e+00 3.801738e+00
    endloop
  endfacet
  facet normal 0.000000e+00 8.870108e-01 -4.617486e-01
    outer loop
      vertex   3.500000e+01 -8.155607e+00 3.801738e+00
      vertex   4.250000e+01 -7.793117e+00 4.498075e+00
      vertex   4.250000e+01 -8.155607e+00 3.801738e+00
    endloop
  endfacet
  facet normal 0.000000e+00 9.238795e-01 -3.826834e-01
    outer loop
      vertex   3.500000e+01 -8.155607e+00 3.801738e+00
      vertex   4.250000e+01 -8.155607e+00 3.801738e+00
      vertex   3.500000e+01 -8.456027e+00 3.076459e+00
    endloop
  endfacet
  facet normal 0.000000e+00 9.238795e-01 -3.826834e-01
    outer loop
      vertex   3.500000e+01 -8.456027e+00 3.076459e+00
      vertex   4.250000e+01 -8.155607e+00 3.801738e+00
      vertex   4.250000e+01 -8.456027e+00 3.076459e+00
    endloop
  endfacet
  facet normal 0.000000e+00 9.537170e-01 -3.007058e-01
    outer loop
      vertex   3.500000e+01 -8.456027e+00 3.076459e+00
      vertex   4.250000e+01 -8.456027e+00 3.076459e+00
      vertex   3.500000e+01 -8.692093e+00 2.327756e+00
    endloop
  endfacet
  facet normal 0.000000e+00 9.537170e-01 -3.007058e-01
    outer loop
      vertex   3.500000e+01 -8.692093e+00 2.327756e+00
      vertex   4.250000e+01 -8.456027e+00 3.076459e+00
      vertex   4.250000e+01 -8.692093e+00 2.327756e+00
    endloop
  endfacet
  facet normal 0.000000e+00 9.762960e-01 -2.164396e-01
    outer loop
      vertex   3.500000e+01 -8.692093e+00 2.327756e+00
      vertex   4.250000e+01 -8.692093e+00 2.327756e+00
      vertex   3.500000e+01 -8.862006e+00 1.561327e+00
    endloop
  endfacet
  facet normal 0.000000e+00 9.762960e-01 -2.164396e-01
    outer loop
      vertex   3.500000e+01 -8.862006e+00 1.561327e+00
      vertex   4.250000e+01 -8.692093e+00 2.327756e+00
      vertex   4.250000e+01 -8.862006e+00 1.561327e+00
    endloop
  endfacet
  facet normal 0.000000e+00 9.914449e-01 -1.305262e-01
    outer loop
      vertex   3.500000e+01 -8.862006e+00 1.561327e+00
      vertex   4.250000e+01 -8.862006e+00 1.561327e+00
      vertex   3.500000e+01 -8.964474e+00 7.830063e-01
    endloop
  endfacet
  facet normal 0.000000e+00 9.914449e-01 -1.305262e-01
    outer loop
      vertex   3.500000e+01 -8.964474e+00 7.830063e-01
      vertex   4.250000e+01 -8.862006e+00 1.561327e+00
      vertex   4.250000e+01 -8.964474e+00 7.830063e-01
    endloop
  endfacet
  facet normal 0.000000e+00 9.990482e-01 -4.361939e-02
    outer loop
      vertex   3.500000e+01 -8.964474e+00 7.830063e-01
      vertex   4.250000e+01 -8.964474e+00 7.830063e-01
      vertex   3.500000e+01 -8.998716e+00 -1.283549e-03
    endloop
  endfacet
  facet normal 0.000000e+00 9.990482e-01 -4.361939e-02
    outer loop
      vertex   3.500000e+01 -8.998716e+00 -1.283549e-03
      vertex   4.250000e+01 -8.964474e+00 7.830063e-01
      vertex   4.250000e+01 -8.998716e+00 -1.283549e-03
    endloop
  endfacet
  facet normal -0.000000e+00 9.990482e-01 4.361939e-02
    outer loop
      vertex   3.500000e+01 -8.998716e+00 -1.283549e-03
      vertex   4.250000e+01 -8.998716e+00 -1.283549e-03
      vertex   3.500000e+01 -8.964474e+00 -7.855734e-01
    endloop
  endfacet
  facet normal -0.000000e+00 9.990482e-01 4.361939e-02
    outer loop
      vertex   3.500000e+01 -8.964474e+00 -7.855734e-01
      vertex   4.250000e+01 -8.998716e+00 -1.283549e-03
      vertex   4.250000e+01 -8.964474e+00 -7.855734e-01
    endloop
  endfacet
  facet normal -0.000000e+00 9.914449e-01 1.305262e-01
    outer loop
      vertex   3.500000e+01 -8.964474e+00 -7.855734e-01
      vertex   4.250000e+01 -8.964474e+00 -7.855734e-01
      vertex   3.500000e+01 -8.862006e+00 -1.563894e+00
    endloop
  endfacet
  facet normal -0.000000e+00 9.914449e-01 1.305262e-01
    outer loop
      vertex   3.500000e+01 -8.862006e+00 -1.563894e+00
      vertex   4.250000e+01 -8.964474e+00 -7.855734e-01
      vertex   4.250000e+01 -8.862006e+00 -1.563894e+00
    endloop
  endfacet
  facet normal -0.000000e+00 9.762960e-01 2.164396e-01
    outer loop
      vertex   3.500000e+01 -8.862006e+00 -1.563894e+00
      vertex   4.250000e+01 -8.862006e+00 -1.563894e+00
      vertex   3.500000e+01 -8.692093e+00 -2.330323e+00
    endloop
  endfacet
  facet normal -0.000000e+00 9.762960e-01 2.164396e-01
    outer loop
      vertex   3.500000e+01 -8.692093e+00 -2.330323e+00
      vertex   4.250000e+01 -8.862006e+00 -1.563894e+00
      vertex   4.250000e+01 -8.692093e+00 -2.330323e+00
    endloop
  endfacet
  facet normal -0.000000e+00 9.537170e-01 3.007058e-01
    outer loop
      vertex   3.500000e+01 -8.692093e+00 -2.330323e+00
      vertex   4.250000e+01 -8.692093e+00 -2.330323e+00
      vertex   3.500000e+01 -8.456027e+00 -3.079026e+00
    endloop
  endfacet
  facet normal -0.000000e+00 9.537170e-01 3.007058e-01
    outer loop
      vertex   3.500000e+01 -8.456027e+00 -3.079026e+00
      vertex   4.250000e+01 -8.692093e+00 -2.330323e+00
      vertex   4.250000e+01 -8.456027e+00 -3.079026e+00
    endloop
  endfacet
  facet normal -0.000000e+00 9.238795e-01 3.826834e-01
    outer loop
      vertex   3.500000e+01 -8.456027e+00 -3.079026e+00
      vertex   4.250000e+01 -8.456027e+00 -3.079026e+00
      vertex   3.500000e+01 -8.155607e+00 -3.804305e+00
    endloop
  endfacet
  facet normal -0.000000e+00 9.238795e-01 3.826834e-01
    outer loop
      vertex   3.500000e+01 -8.155607e+00 -3.804305e+00
      vertex   4.250000e+01 -8.456027e+00 -3.079026e+00
      vertex   4.250000e+01 -8.155607e+00 -3.804305e+00
    endloop
  endfacet
  facet normal -0.000000e+00 8.870108e-01 4.617486e-01
    outer loop
      vertex   3.500000e+01 -8.155607e+00 -3.804305e+00
      vertex   4.250000e+01 -8.155607e+00 -3.804305e+00
      vertex   3.500000e+01 -7.793117e+00 -4.500642e+00
    endloop
  endfacet
  facet normal -0.000000e+00 8.870108e-01 4.617486e-01
    outer loop
      vertex   3.500000e+01 -7.793117e+00 -4.500642e+00
      vertex   4.250000e+01 -8.155607e+00 -3.804305e+00
      vertex   4.250000e+01 -7.793117e+00 -4.500642e+00
    endloop
  endfacet
  facet normal -0.000000e+00 8.433914e-01 5.372996e-01
    outer loop
      vertex   3.500000e+01 -7.793117e+00 -4.500642e+00
      vertex   4.250000e+01 -7.793117e+00 -4.500642e+00
      vertex   3.500000e+01 -7.371317e+00 -5.162735e+00
    endloop
  endfacet
  facet normal -0.000000e+00 8.433914e-01 5.372996e-01
    outer loop
      vertex   3.500000e+01 -7.371317e+00 -5.162735e+00
      vertex   4.250000e+01 -7.793117e+00 -4.500642e+00
      vertex   4.250000e+01 -7.371317e+00 -5.162735e+00
    endloop
  endfacet
  facet normal -0.000000e+00 7.933533e-01 6.087614e-01
    outer loop
      vertex   3.500000e+01 -7.371317e+00 -5.162735e+00
      vertex   4.250000e+01 -7.371317e+00 -5.162735e+00
      vertex   3.500000e+01 -6.893417e+00 -5.785547e+00
    endloop
  endfacet
  facet normal -0.000000e+00 7.933533e-01 6.087614e-01
    outer loop
      vertex   3.500000e+01 -6.893417e+00 -5.785547e+00
      vertex   4.250000e+01 -7.371317e+00 -5.162735e+00
      vertex   4.250000e+01 -6.893417e+00 -5.785547e+00
    endloop
  endfacet
  facet normal -0.000000e+00 7.372773e-01 6.755902e-01
    outer loop
      vertex   3.500000e+01 -6.893417e+00 -5.785547e+00
      vertex   4.250000e+01 -6.893417e+00 -5.785547e+00
      vertex   3.500000e+01 -6.363053e+00 -6.364337e+00
    endloop
  endfacet
  facet normal -0.000000e+00 7.372773e-01 6.755902e-01
    outer loop
      vertex   3.500000e+01 -6.363053e+00 -6.364337e+00
      vertex   4.250000e+01 -6.893417e+00 -5.785547e+00
      vertex   4.250000e+01 -6.363053e+00 -6.364337e+00
    endloop
  endfacet
  facet normal -0.000000e+00 6.755902e-01 7.372773e-01
    outer loop
      vertex   3.500000e+01 -6.363053e+00 -6.364337e+00
      vertex   4.250000e+01 -6.363053e+00 -6.364337e+00
      vertex   3.500000e+01 -5.784263e+00 -6.894700e+00
    endloop
  endfacet
  facet normal -0.000000e+00 6.755902e-01 7.372773e-01
    outer loop
      vertex   3.500000e+01 -5.784263e+00 -6.894700e+00
      vertex   4.250000e+01 -6.363053e+00 -6.364337e+00
      vertex   4.250000e+01 -5.784263e+00 -6.894700e+00
    endloop
  endfacet
  facet normal -0.000000e+00 6.087614e-01 7.933533e-01
    outer loop
      vertex   3.500000e+01 -5.784263e+00 -6.894700e+00
      vertex   4.250000e+01 -5.784263e+00 -6.894700e+00
      vertex   3.500000e+01 -5.161452e+00 -7.372601e+00
    endloop
  endfacet
  facet normal -0.000000e+00 6.087614e-01 7.933533e-01
    outer loop
      vertex   3.500000e+01 -5.161452e+00 -7.372601e+00
      vertex   4.250000e+01 -5.784263e+00 -6.894700e+00
      vertex   4.250000e+01 -5.161452e+00 -7.372601e+00
    endloop
  endfacet
  facet normal -0.000000e+00 5.372996e-01 8.433914e-01
    outer loop
      vertex   3.500000e+01 -5.161452e+00 -7.372601e+00
      vertex   4.250000e+01 -5.161452e+00 -7.372601e+00
      vertex   3.500000e+01 -4.499358e+00 -7.794401e+00
    endloop
  endfacet
  facet normal -0.000000e+00 5.372996e-01 8.433914e-01
    outer loop
      vertex   3.500000e+01 -4.499358e+00 -7.794401e+00
      vertex   4.250000e+01 -5.161452e+00 -7.372601e+00
      vertex   4.250000e+01 -4.499358e+00 -7.794401e+00
    endloop
  endfacet
  facet normal -0.000000e+00 4.617486e-01 8.870108e-01
    outer loop
      vertex   3.500000e+01 -4.499358e+00 -7.794401e+00
      vertex   4.250000e+01 -4.499358e+00 -7.794401e+00
      vertex   3.500000e+01 -3.803022e+00 -8.156890e+00
    endloop
  endfacet
  facet normal -0.000000e+00 4.617486e-01 8.870108e-01
    outer loop
      vertex   3.500000e+01 -3.803022e+00 -8.156890e+00
      vertex   4.250000e+01 -4.499358e+00 -7.794401e+00
      vertex   4.250000e+01 -3.803022e+00 -8.156890e+00
    endloop
  endfacet
  facet normal -0.000000e+00 3.826834e-01 9.238795e-01
    outer loop
      vertex   3.500000e+01 -3.803022e+00 -8.156890e+00
      vertex   4.250000e+01 -3.803022e+00 -8.156890e+00
      vertex   3.500000e+01 -3.077742e+00 -8.457311e+00
    endloop
  endfacet
  facet normal -0.000000e+00 3.826834e-01 9.238795e-01
    outer loop
      vertex   3.500000e+01 -3.077742e+00 -8.457311e+00
      vertex   4.250000e+01 -3.803022e+00 -8.156890e+00
      vertex   4.250000e+01 -3.077742e+00 -8.457311e+00
    endloop
  endfacet
  facet normal -0.000000e+00 3.007058e-01 9.537170e-01
    outer loop
      vertex   3.500000e+01 -3.077742e+00 -8.457311e+00
      vertex   4.250000e+01 -3.077742e+00 -8.457311e+00
      vertex   3.500000e+01 -2.329039e+00 -8.693376e+00
    endloop
  endfacet
  facet normal -0.000000e+00 3.007058e-01 9.537170e-01
    outer loop
      vertex   3.500000e+01 -2.329039e+00 -8.693376e+00
      vertex   4.250000e+01 -3.077742e+00 -8.457311e+00
      vertex   4.250000e+01 -2.329039e+00 -8.693376e+00
    endloop
  endfacet
  facet normal -0.000000e+00 2.164396e-01 9.762960e-01
    outer loop
      vertex   3.500000e+01 -2.329039e+00 -8.693376e+00
      vertex   4.250000e+01 -2.329039e+00 -8.693376e+00
      vertex   3.500000e+01 -1.562611e+00 -8.863289e+00
    endloop
  endfacet
  facet normal -0.000000e+00 2.164396e-01 9.762960e-01
    outer loop
      vertex   3.500000e+01 -1.562611e+00 -8.863289e+00
      vertex   4.250000e+01 -2.329039e+00 -8.693376e+00
      vertex   4.250000e+01 -1.562611e+00 -8.863289e+00
    endloop
  endfacet
  facet normal -0.000000e+00 1.305262e-01 9.914449e-01
    outer loop
      vertex   3.500000e+01 -1.562611e+00 -8.863289e+00
      vertex   4.250000e+01 -1.562611e+00 -8.863289e+00
      vertex   3.500000e+01 -7.842898e-01 -8.965757e+00
    endloop
  endfacet
  facet normal 0.000000e+00 5.372996e-01 -8.433914e-01
    outer loop
      vertex   2.750000e+01 -5.161452e+00 7.370033e+00
      vertex   2.750000e+01 -4.499358e+00 7.791833e+00
      vertex   3.500000e+01 -4.499358e+00 7.791833e+00
    endloop
  endfacet
  facet normal 0.000000e+00 4.617486e-01 -8.870108e-01
    outer loop
      vertex   3.500000e+01 -4.499358e+00 7.791833e+00
      vertex   2.750000e+01 -4.499358e+00 7.791833e+00
      vertex   3.500000e+01 -3.803022e+00 8.154323e+00
    endloop
  endfacet
  facet normal -4.511661e-17 5.372996e-01 -8.433914e-01
    outer loop
      vertex   2.750000e+01 -5.161452e+00 7.370033e+00
      vertex   3.500000e+01 -4.499358e+00 7.791833e+00
      vertex   3.500000e+01 -5.161452e+00 7.370033e+00
    endloop
  endfacet
  facet normal 9.428201e-18 6.087614e-01 -7.933533e-01
    outer loop
      vertex   2.750000e+01 -5.784263e+00 6.892133e+00
      vertex   2.750000e+01 -5.161452e+00 7.370033e+00
      vertex   3.500000e+01 -5.161452e+00 7.370033e+00
    endloop
  endfacet
  facet normal -8.744029e-17 6.087614e-01 -7.933533e-01
    outer loop
      vertex   2.750000e+01 -5.784263e+00 6.892133e+00
      vertex   3.500000e+01 -5.161452e+00 7.370033e+00
      vertex   3.500000e+01 -5.784263e+00 6.892133e+00
    endloop
  endfacet
  facet normal -2.828460e-17 6.755902e-01 -7.372773e-01
    outer loop
      vertex   2.750000e+01 -6.363053e+00 6.361770e+00
      vertex   2.750000e+01 -5.784263e+00 6.892133e+00
      vertex   3.500000e+01 -5.784263e+00 6.892133e+00
    endloop
  endfacet
  facet normal 2.191567e-17 6.755902e-01 -7.372773e-01
    outer loop
      vertex   2.750000e+01 -6.363053e+00 6.361770e+00
      vertex   3.500000e+01 -5.784263e+00 6.892133e+00
      vertex   3.500000e+01 -6.363053e+00 6.361770e+00
    endloop
  endfacet
  facet normal -2.828460e-17 7.372773e-01 -6.755902e-01
    outer loop
      vertex   2.750000e+01 -6.893417e+00 5.782980e+00
      vertex   2.750000e+01 -6.363053e+00 6.361770e+00
      vertex   3.500000e+01 -6.363053e+00 6.361770e+00
    endloop
  endfacet
  facet normal -1.311425e-16 7.372773e-01 -6.755902e-01
    outer loop
      vertex   2.750000e+01 -6.893417e+00 5.782980e+00
      vertex   3.500000e+01 -6.363053e+00 6.361770e+00
      vertex   3.500000e+01 -6.893417e+00 5.782980e+00
    endloop
  endfacet
  facet normal -2.262768e-16 7.933533e-01 -6.087614e-01
    outer loop
      vertex   2.750000e+01 -7.371317e+00 5.160168e+00
      vertex   2.750000e+01 -6.893417e+00 5.782980e+00
      vertex   3.500000e+01 -6.893417e+00 5.782980e+00
    endloop
  endfacet
  facet normal 0.000000e+00 7.933533e-01 -6.087614e-01
    outer loop
      vertex   2.750000e+01 -7.371317e+00 5.160168e+00
      vertex   3.500000e+01 -6.893417e+00 5.782980e+00
      vertex   3.500000e+01 -7.371317e+00 5.160168e+00
    endloop
  endfacet
  facet normal 0.000000e+00 8.433914e-01 -5.372996e-01
    outer loop
      vertex   2.750000e+01 -7.793117e+00 4.498075e+00
      vertex   2.750000e+01 -7.371317e+00 5.160168e+00
      vertex   3.500000e+01 -7.371317e+00 5.160168e+00
    endloop
  endfacet
  facet normal 0.000000e+00 8.433914e-01 -5.372996e-01
    outer loop
      vertex   2.750000e+01 -7.793117e+00 4.498075e+00
      vertex   3.500000e+01 -7.371317e+00 5.160168e+00
      vertex   3.500000e+01 -7.793117e+00 4.498075e+00
    endloop
  endfacet
  facet normal 0.000000e+00 8.870108e-01 -4.617486e-01
    outer loop
      vertex   2.750000e+01 -8.155607e+00 3.801738e+00
      vertex   2.750000e+01 -7.793117e+00 4.498075e+00
      vertex   3.500000e+01 -7.793117e+00 4.498075e+00
    endloop
  endfacet
  facet normal 0.000000e+00 8.870108e-01 -4.617486e-01
    outer loop
      vertex   2.750000e+01 -8.155607e+00 3.801738e+00
      vertex   3.500000e+01 -7.793117e+00 4.498075e+00
      vertex   3.500000e+01 -8.155607e+00 3.801738e+00
    endloop
  endfacet
  facet normal 0.000000e+00 9.238795e-01 -3.826834e-01
    outer loop
      vertex   2.750000e+01 -8.456027e+00 3.076459e+00
      vertex   2.750000e+01 -8.155607e+00 3.801738e+00
      vertex   3.500000e+01 -8.155607e+00 3.801738e+00
    endloop
  endfacet
  facet normal 0.000000e+00 9.238795e-01 -3.826834e-01
    outer loop
      vertex   2.750000e+01 -8.456027e+00 3.076459e+00
      vertex   3.500000e+01 -8.155607e+00 3.801738e+00
      vertex   3.500000e+01 -8.456027e+00 3.076459e+00
    endloop
  endfacet
  facet normal 0.000000e+00 9.537170e-01 -3.007058e-01
    outer loop
      vertex   2.750000e+01 -8.692093e+00 2.327756e+00
      vertex   2.750000e+01 -8.456027e+00 3.076459e+00
      vertex   3.500000e+01 -8.456027e+00 3.076459e+00
    endloop
  endfacet
  facet normal 0.000000e+00 9.537170e-01 -3.007058e-01
    outer loop
      vertex   2.750000e+01 -8.692093e+00 2.327756e+00
      vertex   3.500000e+01 -8.456027e+00 3.076459e+00
      vertex   3.500000e+01 -8.692093e+00 2.327756e+00
    endloop
  endfacet
  facet normal 0.000000e+00 9.762960e-01 -2.164396e-01
    outer loop
      vertex   2.750000e+01 -8.862006e+00 1.561327e+00
      vertex   2.750000e+01 -8.692093e+00 2.327756e+00
      vertex   3.500000e+01 -8.692093e+00 2.327756e+00
    endloop
  endfacet
  facet normal 0.000000e+00 9.762960e-01 -2.164396e-01
    outer loop
      vertex   2.750000e+01 -8.862006e+00 1.561327e+00
      vertex   3.500000e+01 -8.692093e+00 2.327756e+00
      vertex   3.500000e+01 -8.862006e+00 1.561327e+00
    endloop
  endfacet
  facet normal 0.000000e+00 9.914449e-01 -1.305262e-01
    outer loop
      vertex   2.750000e+01 -8.964474e+00 7.830063e-01
      vertex   2.750000e+01 -8.862006e+00 1.561327e+00
      vertex   3.500000e+01 -8.862006e+00 1.561327e+00
    endloop
  endfacet
  facet normal 0.000000e+00 9.914449e-01 -1.305262e-01
    outer loop
      vertex   2.750000e+01 -8.964474e+00 7.830063e-01
      vertex   3.500000e+01 -8.862006e+00 1.561327e+00
      vertex   3.500000e+01 -8.964474e+00 7.830063e-01
    endloop
  endfacet
  facet normal 0.000000e+00 9.990482e-01 -4.361939e-02
    outer loop
      vertex   2.750000e+01 -8.998716e+00 -1.283549e-03
      vertex   2.750000e+01 -8.964474e+00 7.830063e-01
      vertex   3.500000e+01 -8.964474e+00 7.830063e-01
    endloop
  endfacet
  facet normal 0.000000e+00 9.990482e-01 -4.361939e-02
    outer loop
      vertex   2.750000e+01 -8.998716e+00 -1.283549e-03
      vertex   3.500000e+01 -8.964474e+00 7.830063e-01
      vertex   3.500000e+01 -8.998716e+00 -1.283549e-03
    endloop
  endfacet
  facet normal 0.000000e+00 9.990482e-01 4.361939e-02
    outer loop
      vertex   2.750000e+01 -8.964474e+00 -7.855734e-01
      vertex   2.750000e+01 -8.998716e+00 -1.283549e-03
      vertex   3.500000e+01 -8.998716e+00 -1.283549e-03
    endloop
  endfacet
  facet normal -0.000000e+00 9.990482e-01 4.361939e-02
    outer loop
      vertex   2.750000e+01 -8.964474e+00 -7.855734e-01
      vertex   3.500000e+01 -8.998716e+00 -1.283549e-03
      vertex   3.500000e+01 -8.964474e+00 -7.855734e-01
    endloop
  endfacet
  facet normal 0.000000e+00 9.914449e-01 1.305262e-01
    outer loop
      vertex   2.750000e+01 -8.862006e+00 -1.563894e+00
      vertex   2.750000e+01 -8.964474e+00 -7.855734e-01
      vertex   3.500000e+01 -8.964474e+00 -7.855734e-01
    endloop
  endfacet
  facet normal -0.000000e+00 9.914449e-01 1.305262e-01
    outer loop
      vertex   2.750000e+01 -8.862006e+00 -1.563894e+00
      vertex   3.500000e+01 -8.964474e+00 -7.855734e-01
      vertex   3.500000e+01 -8.862006e+00 -1.563894e+00
    endloop
  endfacet
  facet normal 0.000000e+00 9.762960e-01 2.164396e-01
    outer loop
      vertex   2.750000e+01 -8.692093e+00 -2.330323e+00
      vertex   2.750000e+01 -8.862006e+00 -1.563894e+00
      vertex   3.500000e+01 -8.862006e+00 -1.563894e+00
    endloop
  endfacet
  facet normal -0.000000e+00 9.762960e-01 2.164396e-01
    outer loop
      vertex   2.750000e+01 -8.692093e+00 -2.330323e+00
      vertex   3.500000e+01 -8.862006e+00 -1.563894e+00
      vertex   3.500000e+01 -8.692093e+00 -2.330323e+00
    endloop
  endfacet
  facet normal 0.000000e+00 9.537170e-01 3.007058e-01
    outer loop
      vertex   2.750000e+01 -8.456027e+00 -3.079026e+00
      vertex   2.750000e+01 -8.692093e+00 -2.330323e+00
      vertex   3.500000e+01 -8.692093e+00 -2.330323e+00
    endloop
  endfacet
  facet normal -0.000000e+00 9.537170e-01 3.007058e-01
    outer loop
      vertex   2.750000e+01 -8.456027e+00 -3.079026e+00
      vertex   3.500000e+01 -8.692093e+00 -2.330323e+00
      vertex   3.500000e+01 -8.456027e+00 -3.079026e+00
    endloop
  endfacet
  facet normal 0.000000e+00 9.238795e-01 3.826834e-01
    outer loop
      vertex   2.750000e+01 -8.155607e+00 -3.804305e+00
      vertex   2.750000e+01 -8.456027e+00 -3.079026e+00
      vertex   3.500000e+01 -8.456027e+00 -3.079026e+00
    endloop
  endfacet
  facet normal -0.000000e+00 9.238795e-01 3.826834e-01
    outer loop
      vertex   2.750000e+01 -8.155607e+00 -3.804305e+00
      vertex   3.500000e+01 -8.456027e+00 -3.079026e+00
      vertex   3.500000e+01 -8.155607e+00 -3.804305e+00
    endloop
  endfacet
  facet normal 0.000000e+00 8.870108e-01 4.617486e-01
    outer loop
      vertex   2.750000e+01 -7.793117e+00 -4.500642e+00
      vertex   2.750000e+01 -8.155607e+00 -3.804305e+00
      vertex   3.500000e+01 -8.155607e+00 -3.804305e+00
    endloop
  endfacet
  facet normal 7.196545e-17 8.870108e-01 4.617486e-01
    outer loop
      vertex   2.750000e+01 -7.793117e+00 -4.500642e+00
      vertex   3.500000e+01 -8.155607e+00 -3.804305e+00
      vertex   3.500000e+01 -7.793117e+00 -4.500642e+00
    endloop
  endfacet
  facet normal 1.791358e-16 8.433914e-01 5.372996e-01
    outer loop
      vertex   2.750000e+01 -7.371317e+00 -5.162735e+00
      vertex   2.750000e+01 -7.793117e+00 -4.500642e+00
      vertex   3.500000e+01 -7.793117e+00 -4.500642e+00
    endloop
  endfacet
  facet normal -0.000000e+00 8.433914e-01 5.372996e-01
    outer loop
      vertex   2.750000e+01 -7.371317e+00 -5.162735e+00
      vertex   3.500000e+01 -7.793117e+00 -4.500642e+00
      vertex   3.500000e+01 -7.371317e+00 -5.162735e+00
    endloop
  endfacet
  facet normal 0.000000e+00 7.933533e-01 6.087614e-01
    outer loop
      vertex   2.750000e+01 -6.893417e+00 -5.785547e+00
      vertex   2.750000e+01 -7.371317e+00 -5.162735e+00
      vertex   3.500000e+01 -7.371317e+00 -5.162735e+00
    endloop
  endfacet
  facet normal -0.000000e+00 7.933533e-01 6.087614e-01
    outer loop
      vertex   2.750000e+01 -6.893417e+00 -5.785547e+00
      vertex   3.500000e+01 -7.371317e+00 -5.162735e+00
      vertex   3.500000e+01 -6.893417e+00 -5.785547e+00
    endloop
  endfacet
  facet normal 0.000000e+00 7.372773e-01 6.755902e-01
    outer loop
      vertex   2.750000e+01 -6.363053e+00 -6.364337e+00
      vertex   2.750000e+01 -6.893417e+00 -5.785547e+00
      vertex   3.500000e+01 -6.893417e+00 -5.785547e+00
    endloop
  endfacet
  facet normal -0.000000e+00 7.372773e-01 6.755902e-01
    outer loop
      vertex   2.750000e+01 -6.363053e+00 -6.364337e+00
      vertex   3.500000e+01 -6.893417e+00 -5.785547e+00
      vertex   3.500000e+01 -6.363053e+00 -6.364337e+00
    endloop
  endfacet
  facet normal 0.000000e+00 6.755902e-01 7.372773e-01
    outer loop
      vertex   2.750000e+01 -5.784263e+00 -6.894700e+00
      vertex   2.750000e+01 -6.363053e+00 -6.364337e+00
      vertex   3.500000e+01 -6.363053e+00 -6.364337e+00
    endloop
  endfacet
  facet normal -0.000000e+00 6.755902e-01 7.372773e-01
    outer loop
      vertex   2.750000e+01 -5.784263e+00 -6.894700e+00
      vertex   3.500000e+01 -6.363053e+00 -6.364337e+00
      vertex   3.500000e+01 -5.784263e+00 -6.894700e+00
    endloop
  endfacet
  facet normal 0.000000e+00 6.087614e-01 7.933533e-01
    outer loop
      vertex   2.750000e+01 -5.161452e+00 -7.372601e+00
      vertex   2.750000e+01 -5.784263e+00 -6.894700e+00
      vertex   3.500000e+01 -5.784263e+00 -6.894700e+00
    endloop
  endfacet
  facet normal -0.000000e+00 6.087614e-01 7.933533e-01
    outer loop
      vertex   2.750000e+01 -5.161452e+00 -7.372601e+00
      vertex   3.500000e+01 -5.784263e+00 -6.894700e+00
      vertex   3.500000e+01 -5.161452e+00 -7.372601e+00
    endloop
  endfacet
  facet normal 0.000000e+00 5.372996e-01 8.433914e-01
    outer loop
      vertex   2.750000e+01 -4.499358e+00 -7.794401e+00
      vertex   2.750000e+01 -5.161452e+00 -7.372601e+00
      vertex   3.500000e+01 -5.161452e+00 -7.372601e+00
    endloop
  endfacet
  facet normal 9.644390e-18 5.372996e-01 8.433914e-01
    outer loop
      vertex   2.750000e+01 -4.499358e+00 -7.794401e+00
      vertex   3.500000e+01 -5.161452e+00 -7.372601e+00
      vertex   3.500000e+01 -4.499358e+00 -7.794401e+00
    endloop
  endfacet
  facet normal -8.485381e-17 4.617486e-01 8.870108e-01
    outer loop
      vertex   2.750000e+01 -3.803022e+00 -8.156890e+00
      vertex   2.750000e+01 -4.499358e+00 -7.794401e+00
      vertex   3.500000e+01 -4.499358e+00 -7.794401e+00
    endloop
  endfacet
  facet normal 4.462444e-17 4.617486e-01 8.870108e-01
    outer loop
      vertex   2.750000e+01 -3.803022e+00 -8.156890e+00
      vertex   3.500000e+01 -4.499358e+00 -7.794401e+00
      vertex   3.500000e+01 -3.803022e+00 -8.156890e+00
    endloop
  endfacet
  facet normal -5.185511e-17 3.826834e-01 9.238795e-01
    outer loop
      vertex   2.750000e+01 -3.077742e+00 -8.457311e+00
      vertex   2.750000e+01 -3.803022e+00 -8.156890e+00
      vertex   3.500000e+01 -3.803022e+00 -8.156890e+00
    endloop
  endfacet
  facet normal -0.000000e+00 3.826834e-01 9.238795e-01
    outer loop
      vertex   2.750000e+01 -3.077742e+00 -8.457311e+00
      vertex   3.500000e+01 -3.803022e+00 -8.156890e+00
      vertex   3.500000e+01 -3.077742e+00 -8.457311e+00
    endloop
  endfacet
  facet normal 0.000000e+00 3.007058e-01 9.537170e-01
    outer loop
      vertex   2.750000e+01 -2.329039e+00 -8.693376e+00
      vertex   2.750000e+01 -3.077742e+00 -8.457311e+00
      vertex   3.500000e+01 -3.077742e+00 -8.457311e+00
    endloop
  endfacet
  facet normal -0.000000e+00 3.007058e-01 9.537170e-01
    outer loop
      vertex   2.750000e+01 -2.329039e+00 -8.693376e+00
      vertex   3.500000e+01 -3.077742e+00 -8.457311e+00
      vertex   3.500000e+01 -2.329039e+00 -8.693376e+00
    endloop
  endfacet
  facet normal 0.000000e+00 2.164396e-01 9.762960e-01
    outer loop
      vertex   2.750000e+01 -1.562611e+00 -8.863289e+00
      vertex   2.750000e+01 -2.329039e+00 -8.693376e+00
      vertex   3.500000e+01 -2.329039e+00 -8.693376e+00
    endloop
  endfacet
  facet normal -0.000000e+00 2.164396e-01 9.762960e-01
    outer loop
      vertex   2.750000e+01 -1.562611e+00 -8.863289e+00
      vertex   3.500000e+01 -2.329039e+00 -8.693376e+00
      vertex   3.500000e+01 -1.562611e+00 -8.863289e+00
    endloop
  endfacet
  facet normal 0.000000e+00 1.305262e-01 9.914449e-01
    outer loop
      vertex   2.750000e+01 -7.842898e-01 -8.965757e+00
      vertex   2.750000e+01 -1.562611e+00 -8.863289e+00
      vertex   3.500000e+01 -1.562611e+00 -8.863289e+00
    endloop
  endfacet
  facet normal -0.000000e+00 1.305262e-01 9.914449e-01
    outer loop
      vertex   2.750000e+01 -7.842898e-01 -8.965757e+00
      vertex   3.500000e+01 -1.562611e+00 -8.863289e+00
      vertex   3.500000e+01 -7.842898e-01 -8.965757e+00
    endloop
  endfacet
  facet normal 1.000000e+00 0.000000e+00 0.000000e+00
    outer loop
      vertex   6.800000e+01 0.000000e+00 -1.200000e+01
      vertex   6.800000e+01 -1.469419e-15 1.199743e+01
      vertex   6.800000e+01 -8.966652e-01 -1.196645e+01
    endloop
  endfacet
  facet normal 1.000000e+00 0.000000e+00 -0.000000e+00
    outer loop
      vertex   6.800000e+01 -8.966652e-01 -1.196645e+01
      vertex   6.800000e+01 -1.469419e-15 1.199743e+01
      vertex   6.800000e+01 -8.966652e-01 1.196388e+01
    endloop
  endfacet
  facet normal 1.000000e+00 0.000000e+00 0.000000e+00
    outer loop
      vertex   6.800000e+01 -8.966652e-01 -1.196645e+01
      vertex   6.800000e+01 -8.966652e-01 1.196388e+01
      vertex   6.800000e+01 -1.788316e+00 -1.186598e+01
    endloop
  endfacet
  facet normal 1.000000e+00 0.000000e+00 -0.000000e+00
    outer loop
      vertex   6.800000e+01 -1.788316e+00 -1.186598e+01
      vertex   6.800000e+01 -8.966652e-01 1.196388e+01
      vertex   6.800000e+01 -1.788316e+00 1.186342e+01
    endloop
  endfacet
  facet normal 1.000000e+00 0.000000e+00 0.000000e+00
    outer loop
      vertex   6.800000e+01 -1.788316e+00 -1.186598e+01
      vertex   6.800000e+01 -1.788316e+00 1.186342e+01
      vertex   6.800000e+01 -2.669966e+00 -1.169917e+01
    endloop
  endfacet
  facet normal 1.000000e+00 0.000000e+00 -0.000000e+00
    outer loop
      vertex   6.800000e+01 -2.669966e+00 -1.169917e+01
      vertex   6.800000e+01 -1.788316e+00 1.186342e+01
      vertex   6.800000e+01 -2.669966e+00 1.169660e+01
    endloop
  endfacet
  facet normal 1.000000e+00 0.000000e+00 0.000000e+00
    outer loop
      vertex   6.800000e+01 -2.669966e+00 -1.169917e+01
      vertex   6.800000e+01 -2.669966e+00 1.169660e+01
      vertex   6.800000e+01 -3.536684e+00 -1.146693e+01
    endloop
  endfacet
  facet normal 1.000000e+00 0.000000e+00 -0.000000e+00
    outer loop
      vertex   6.800000e+01 -3.536684e+00 -1.146693e+01
      vertex   6.800000e+01 -2.669966e+00 1.169660e+01
      vertex   6.800000e+01 -3.536684e+00 1.146436e+01
    endloop
  endfacet
  facet normal 1.000000e+00 0.000000e+00 0.000000e+00
    outer loop
      vertex   6.800000e+01 -3.536684e+00 -1.146693e+01
      vertex   6.800000e+01 -3.536684e+00 1.146436e+01
      vertex   6.800000e+01 -4.383623e+00 -1.117057e+01
    endloop
  endfacet
  facet normal 1.000000e+00 0.000000e+00 -0.000000e+00
    outer loop
      vertex   6.800000e+01 -4.383623e+00 -1.117057e+01
      vertex   6.800000e+01 -3.536684e+00 1.146436e+01
      vertex   6.800000e+01 -4.383623e+00 1.116801e+01
    endloop
  endfacet
  facet normal 1.000000e+00 0.000000e+00 0.000000e+00
    outer loop
      vertex   6.800000e+01 -4.383623e+00 -1.117057e+01
      vertex   6.800000e+01 -4.383623e+00 1.116801e+01
      vertex   6.800000e+01 -5.206048e+00 -1.081175e+01
    endloop
  endfacet
  facet normal 1.000000e+00 0.000000e+00 -0.000000e+00
    outer loop
      vertex   6.800000e+01 -5.206048e+00 -1.081175e+01
      vertex   6.800000e+01 -4.383623e+00 1.116801e+01
      vertex   6.800000e+01 -5.206048e+00 1.080919e+01
    endloop
  endfacet
  facet normal 1.000000e+00 0.000000e+00 0.000000e+00
    outer loop
      vertex   6.800000e+01 -5.206048e+00 -1.081175e+01
      vertex   6.800000e+01 -5.206048e+00 1.080919e+01
      vertex   6.800000e+01 -5.999358e+00 -1.039248e+01
    endloop
  endfacet
  facet normal 1.000000e+00 0.000000e+00 -0.000000e+00
    outer loop
      vertex   6.800000e+01 -5.999358e+00 -1.039248e+01
      vertex   6.800000e+01 -5.206048e+00 1.080919e+01
      vertex   6.800000e+01 -5.999358e+00 1.038991e+01
    endloop
  endfacet
  facet normal 1.000000e+00 0.000000e+00 0.000000e+00
    outer loop
      vertex   6.800000e+01 -5.999358e+00 -1.039248e+01
      vertex   6.800000e+01 -5.999358e+00 1.038991e+01
      vertex   6.800000e+01 -6.759118e+00 -9.915088e+00
    endloop
  endfacet
  facet normal 1.000000e+00 0.000000e+00 -0.000000e+00
    outer loop
      vertex   6.800000e+01 -6.759118e+00 -9.915088e+00
      vertex   6.800000e+01 -5.999358e+00 1.038991e+01
      vertex   6.800000e+01 -6.759118e+00 9.912521e+00
    endloop
  endfacet
  facet normal 1.000000e+00 0.000000e+00 0.000000e+00
    outer loop
      vertex   6.800000e+01 -6.759118e+00 -9.915088e+00
      vertex   6.800000e+01 -6.759118e+00 9.912521e+00
      vertex   6.800000e+01 -7.481077e+00 -9.382258e+00
    endloop
  endfacet
  facet normal 1.000000e+00 0.000000e+00 -0.000000e+00
    outer loop
      vertex   6.800000e+01 -7.481077e+00 -9.382258e+00
      vertex   6.800000e+01 -6.759118e+00 9.912521e+00
      vertex   6.800000e+01 -7.481077e+00 9.379691e+00
    endloop
  endfacet
  facet normal 1.000000e+00 0.000000e+00 0.000000e+00
    outer loop
      vertex   6.800000e+01 -7.481077e+00 -9.382258e+00
      vertex   6.800000e+01 -7.481077e+00 9.379691e+00
      vertex   6.800000e+01 -8.161200e+00 -8.796965e+00
    endloop
  endfacet
  facet normal 1.000000e+00 0.000000e+00 -0.000000e+00
    outer loop
      vertex   6.800000e+01 -8.161200e+00 -8.796965e+00
      vertex   6.800000e+01 -7.481077e+00 9.379691e+00
      vertex   6.800000e+01 -8.161200e+00 8.794398e+00
    endloop
  endfacet
  facet normal 1.000000e+00 0.000000e+00 0.000000e+00
    outer loop
      vertex   6.800000e+01 -8.161200e+00 -8.796965e+00
      vertex   6.800000e+01 -8.161200e+00 8.794398e+00
      vertex   6.800000e+01 -8.795682e+00 -8.162483e+00
    endloop
  endfacet
  facet normal 1.000000e+00 0.000000e+00 -0.000000e+00
    outer loop
      vertex   6.800000e+01 -8.795682e+00 -8.162483e+00
      vertex   6.800000e+01 -8.161200e+00 8.794398e+00
      vertex   6.800000e+01 -8.795682e+00 8.159916e+00
    endloop
  endfacet
  facet normal 1.000000e+00 0.000000e+00 0.000000e+00
    outer loop
      vertex   6.800000e+01 -8.795682e+00 -8.162483e+00
      vertex   6.800000e+01 -8.795682e+00 8.159916e+00
      vertex   6.800000e+01 -9.380974e+00 -7.482361e+00
    endloop
  endfacet
  facet normal 1.000000e+00 0.000000e+00 -0.000000e+00
    outer loop
      vertex   6.800000e+01 -9.380974e+00 -7.482361e+00
      vertex   6.800000e+01 -8.795682e+00 8.159916e+00
      vertex   6.800000e+01 -9.380974e+00 7.479794e+00
    endloop
  endfacet
  facet normal 1.000000e+00 0.000000e+00 0.000000e+00
    outer loop
      vertex   6.800000e+01 -9.380974e+00 -7.482361e+00
      vertex   6.800000e+01 -9.380974e+00 7.479794e+00
      vertex   6.800000e+01 -9.913805e+00 -6.760401e+00
    endloop
  endfacet
  facet normal 1.000000e+00 0.000000e+00 -0.000000e+00
    outer loop
      vertex   6.800000e+01 -9.913805e+00 -6.760401e+00
      vertex   6.800000e+01 -9.380974e+00 7.479794e+00
      vertex   6.800000e+01 -9.913805e+00 6.757834e+00
    endloop
  endfacet
  facet normal 1.000000e+00 0.000000e+00 0.000000e+00
    outer loop
      vertex   6.800000e+01 -9.913805e+00 -6.760401e+00
      vertex   6.800000e+01 -9.913805e+00 6.757834e+00
      vertex   6.800000e+01 -1.039119e+01 -6.000642e+00
    endloop
  endfacet
  facet normal 1.000000e+00 0.000000e+00 -0.000000e+00
    outer loop
      vertex   6.800000e+01 -1.039119e+01 -6.000642e+00
      vertex   6.800000e+01 -9.913805e+00 6.757834e+00
      vertex   6.800000e+01 -1.039119e+01 5.998075e+00
    endloop
  endfacet
  facet normal 1.000000e+00 0.000000e+00 0.000000e+00
    outer loop
      vertex   6.800000e+01 -1.039119e+01 -6.000642e+00
      vertex   6.800000e+01 -1.039119e+01 5.998075e+00
      vertex   6.800000e+01 -1.081047e+01 -5.207332e+00
    endloop
  endfacet
  facet normal 1.000000e+00 0.000000e+00 -0.000000e+00
    outer loop
      vertex   6.800000e+01 -1.081047e+01 -5.207332e+00
      vertex   6.800000e+01 -1.039119e+01 5.998075e+00
      vertex   6.800000e+01 -1.081047e+01 5.204764e+00
    endloop
  endfacet
  facet normal 1.000000e+00 0.000000e+00 0.000000e+00
    outer loop
      vertex   6.800000e+01 -1.081047e+01 -5.207332e+00
      vertex   6.800000e+01 -1.081047e+01 5.204764e+00
      vertex   6.800000e+01 -1.116929e+01 -4.384907e+00
    endloop
  endfacet
  facet normal 1.000000e+00 0.000000e+00 -0.000000e+00
    outer loop
      vertex   6.800000e+01 -1.116929e+01 -4.384907e+00
      vertex   6.800000e+01 -1.081047e+01 5.204764e+00
      vertex   6.800000e+01 -1.116929e+01 4.382340e+00
    endloop
  endfacet
  facet normal 1.000000e+00 0.000000e+00 0.000000e+00
    outer loop
      vertex   6.800000e+01 -1.116929e+01 -4.384907e+00
      vertex   6.800000e+01 -1.116929e+01 4.382340e+00
      vertex   6.800000e+01 -1.146565e+01 -3.537967e+00
    endloop
  endfacet
  facet normal 1.000000e+00 0.000000e+00 -0.000000e+00
    outer loop
      vertex   6.800000e+01 -1.146565e+01 -3.537967e+00
      vertex   6.800000e+01 -1.116929e+01 4.382340e+00
      vertex   6.800000e+01 -1.146565e+01 3.535400e+00
    endloop
  endfacet
  facet normal 1.000000e+00 0.000000e+00 0.000000e+00
    outer loop
      vertex   6.800000e+01 -1.146565e+01 -3.537967e+00
      vertex   6.800000e+01 -1.146565e+01 3.535400e+00
      vertex   6.800000e+01 -1.169788e+01 -2.671249e+00
    endloop
  endfacet
  facet normal 1.000000e+00 0.000000e+00 -0.000000e+00
    outer loop
      vertex   6.800000e+01 -1.169788e+01 -2.671249e+00
      vertex   6.800000e+01 -1.146565e+01 3.535400e+00
      vertex   6.800000e+01 -1.169788e+01 2.668682e+00
    endloop
  endfacet
  facet normal 1.000000e+00 0.000000e+00 0.000000e+00
    outer loop
      vertex   6.800000e+01 -1.169788e+01 -2.671249e+00
      vertex   6.800000e+01 -1.169788e+01 2.668682e+00
      vertex   6.800000e+01 -1.186470e+01 -1.789599e+00
    endloop
  endfacet
  facet normal 1.000000e+00 0.000000e+00 0.000000e+00
    outer loop
      vertex   6.800000e+01 -1.186470e+01 -1.789599e+00
      vertex   6.800000e+01 -1.169788e+01 2.668682e+00
      vertex   6.800000e+01 -1.186470e+01 1.787032e+00
    endloop
  endfacet
  facet normal 1.000000e+00 0.000000e+00 -0.000000e+00
    outer loop
      vertex   6.800000e+01 -1.186470e+01 -1.789599e+00
      vertex   6.800000e+01 -1.186470e+01 1.787032e+00
      vertex   6.800000e+01 -1.196517e+01 -8.979488e-01
    endloop
  endfacet
  facet normal 1.000000e+00 0.000000e+00 -0.000000e+00
    outer loop
      vertex   6.800000e+01 -1.196517e+01 -8.979488e-01
      vertex   6.800000e+01 -1.186470e+01 1.787032e+00
      vertex   6.800000e+01 -1.196517e+01 8.953817e-01
    endloop
  endfacet
  facet normal 1.000000e+00 0.000000e+00 0.000000e+00
    outer loop
      vertex   6.800000e+01 -1.196517e+01 -8.979488e-01
      vertex   6.800000e+01 -1.196517e+01 8.953817e-01
      vertex   6.800000e+01 -1.199872e+01 -1.283549e-03
    endloop
  endfacet
  facet normal 0.000000e+00 -3.739119e-02 9.993007e-01
    outer loop
      vertex   2.000000e+01 -1.469419e-15 1.199743e+01
      vertex   4.400000e+01 -8.966652e-01 1.196388e+01
      vertex   6.800000e+01 -1.469419e-15 1.199743e+01
    endloop
  endfacet
  facet normal 0.000000e+00 -3.739119e-02 9.993007e-01
    outer loop
      vertex   6.800000e+01 -1.469419e-15 1.199743e+01
      vertex   4.400000e+01 -8.966652e-01 1.196388e+01
      vertex   5.200000e+01 -8.966652e-01 1.196388e+01
    endloop
  endfacet
  facet normal 0.000000e+00 -3.739119e-02 9.993007e-01
    outer loop
      vertex   6.800000e+01 -1.469419e-15 1.199743e+01
      vertex   5.200000e+01 -8.966652e-01 1.196388e+01
      vertex   6.000000e+01 -8.966652e-01 1.196388e+01
    endloop
  endfacet
  facet normal 0.000000e+00 -1.119645e-01 9.937122e-01
    outer loop
      vertex   6.000000e+01 -8.966652e-01 1.196388e+01
      vertex   5.200000e+01 -8.966652e-01 1.196388e+01
      vertex   6.000000e+01 -1.788316e+00 1.186342e+01
    endloop
  endfacet
  facet normal 3.866572e-16 -1.119645e-01 9.937122e-01
    outer loop
      vertex   6.000000e+01 -8.966652e-01 1.196388e+01
      vertex   6.000000e+01 -1.788316e+00 1.186342e+01
      vertex   6.800000e+01 -1.788316e+00 1.186342e+01
    endloop
  endfacet
  facet normal 3.434657e-16 -1.859116e-01 9.825665e-01
    outer loop
      vertex   6.800000e+01 -1.788316e+00 1.186342e+01
      vertex   6.000000e+01 -1.788316e+00 1.186342e+01
      vertex   6.800000e+01 -2.669966e+00 1.169660e+01
    endloop
  endfacet
  facet normal 3.434657e-16 -1.859116e-01 9.825665e-01
    outer loop
      vertex   6.800000e+01 -2.669966e+00 1.169660e+01
      vertex   6.000000e+01 -1.788316e+00 1.186342e+01
      vertex   6.000000e+01 -2.669966e+00 1.169660e+01
    endloop
  endfacet
  facet normal 2.996511e-16 -2.588190e-01 9.659258e-01
    outer loop
      vertex   6.800000e+01 -2.669966e+00 1.169660e+01
      vertex   6.000000e+01 -2.669966e+00 1.169660e+01
      vertex   6.800000e+01 -3.536684e+00 1.146436e+01
    endloop
  endfacet
  facet normal 1.171933e-15 -2.588190e-01 9.659258e-01
    outer loop
      vertex   6.800000e+01 -3.536684e+00 1.146436e+01
      vertex   6.000000e+01 -2.669966e+00 1.169660e+01
      vertex   6.000000e+01 -3.536684e+00 1.146436e+01
    endloop
  endfacet
  facet normal 1.110832e-15 -3.302791e-01 9.438833e-01
    outer loop
      vertex   6.800000e+01 -3.536684e+00 1.146436e+01
      vertex   6.000000e+01 -3.536684e+00 1.146436e+01
      vertex   6.800000e+01 -4.383623e+00 1.116801e+01
    endloop
  endfacet
  facet normal 3.091634e-16 -3.302791e-01 9.438833e-01
    outer loop
      vertex   6.800000e+01 -4.383623e+00 1.116801e+01
      vertex   6.000000e+01 -3.536684e+00 1.146436e+01
      vertex   6.000000e+01 -4.383623e+00 1.116801e+01
    endloop
  endfacet
  facet normal 2.738446e-16 -3.998920e-01 9.165623e-01
    outer loop
      vertex   6.800000e+01 -4.383623e+00 1.116801e+01
      vertex   6.000000e+01 -4.383623e+00 1.116801e+01
      vertex   6.800000e+01 -5.206048e+00 1.080919e+01
    endloop
  endfacet
  facet normal 2.035177e-16 -3.998920e-01 9.165623e-01
    outer loop
      vertex   6.800000e+01 -5.206048e+00 1.080919e+01
      vertex   6.000000e+01 -4.383623e+00 1.116801e+01
      vertex   6.000000e+01 -5.206048e+00 1.080919e+01
    endloop
  endfacet
  facet normal 1.963131e-16 -4.672686e-01 8.841154e-01
    outer loop
      vertex   6.800000e+01 -5.206048e+00 1.080919e+01
      vertex   6.000000e+01 -5.206048e+00 1.080919e+01
      vertex   6.800000e+01 -5.999358e+00 1.038991e+01
    endloop
  endfacet
  facet normal 1.851171e-16 -4.672686e-01 8.841154e-01
    outer loop
      vertex   6.800000e+01 -5.999358e+00 1.038991e+01
      vertex   6.000000e+01 -5.206048e+00 1.080919e+01
      vertex   6.000000e+01 -5.999358e+00 1.038991e+01
    endloop
  endfacet
  facet normal 1.397514e-16 -5.320321e-01 8.467242e-01
    outer loop
      vertex   6.800000e+01 -5.999358e+00 1.038991e+01
      vertex   6.000000e+01 -5.999358e+00 1.038991e+01
      vertex   6.800000e+01 -6.759118e+00 9.912521e+00
    endloop
  endfacet
  facet normal 8.068395e-17 -5.320321e-01 8.467242e-01
    outer loop
      vertex   6.800000e+01 -6.759118e+00 9.912521e+00
      vertex   6.000000e+01 -5.999358e+00 1.038991e+01
      vertex   6.000000e+01 -6.759118e+00 9.912521e+00
    endloop
  endfacet
  facet normal 2.767677e-17 -5.938202e-01 8.045978e-01
    outer loop
      vertex   6.800000e+01 -6.759118e+00 9.912521e+00
      vertex   6.000000e+01 -6.759118e+00 9.912521e+00
      vertex   6.800000e+01 -7.481077e+00 9.379691e+00
    endloop
  endfacet
  facet normal 5.827718e-16 -5.938202e-01 8.045978e-01
    outer loop
      vertex   6.800000e+01 -7.481077e+00 9.379691e+00
      vertex   6.000000e+01 -6.759118e+00 9.912521e+00
      vertex   6.000000e+01 -7.481077e+00 9.379691e+00
    endloop
  endfacet
  facet normal 5.283772e-16 -6.522874e-01 7.579717e-01
    outer loop
      vertex   6.800000e+01 -7.481077e+00 9.379691e+00
      vertex   6.000000e+01 -7.481077e+00 9.379691e+00
      vertex   6.800000e+01 -8.161200e+00 8.794398e+00
    endloop
  endfacet
  facet normal 1.683035e-16 -6.522874e-01 7.579717e-01
    outer loop
      vertex   6.800000e+01 -8.161200e+00 8.794398e+00
      vertex   6.000000e+01 -7.481077e+00 9.379691e+00
      vertex   6.000000e+01 -8.161200e+00 8.794398e+00
    endloop
  endfacet
  facet normal 1.570092e-16 -7.071068e-01 7.071068e-01
    outer loop
      vertex   6.800000e+01 -8.161200e+00 8.794398e+00
      vertex   6.000000e+01 -8.161200e+00 8.794398e+00
      vertex   6.800000e+01 -8.795682e+00 8.159916e+00
    endloop
  endfacet
  facet normal 3.140185e-16 -7.071068e-01 7.071068e-01
    outer loop
      vertex   6.800000e+01 -8.795682e+00 8.159916e+00
      vertex   6.000000e+01 -8.161200e+00 8.794398e+00
      vertex   6.000000e+01 -8.795682e+00 8.159916e+00
    endloop
  endfacet
  facet normal 2.662072e-16 -7.579717e-01 6.522874e-01
    outer loop
      vertex   6.800000e+01 -8.795682e+00 8.159916e+00
      vertex   6.000000e+01 -8.795682e+00 8.159916e+00
      vertex   6.800000e+01 -9.380974e+00 7.479794e+00
    endloop
  endfacet
  facet normal 1.937887e-16 -7.579717e-01 6.522874e-01
    outer loop
      vertex   6.800000e+01 -9.380974e+00 7.479794e+00
      vertex   6.000000e+01 -8.795682e+00 8.159916e+00
      vertex   6.000000e+01 -9.380974e+00 7.479794e+00
    endloop
  endfacet
  facet normal 1.509798e-16 -8.045978e-01 5.938202e-01
    outer loop
      vertex   6.800000e+01 -9.380974e+00 7.479794e+00
      vertex   6.000000e+01 -9.380974e+00 7.479794e+00
      vertex   6.800000e+01 -9.913805e+00 6.757834e+00
    endloop
  endfacet
  facet normal 8.505254e-17 -8.045978e-01 5.938202e-01
    outer loop
      vertex   6.800000e+01 -9.913805e+00 6.757834e+00
      vertex   6.000000e+01 -9.380974e+00 7.479794e+00
      vertex   6.000000e+01 -9.913805e+00 6.757834e+00
    endloop
  endfacet
  facet normal 4.825916e-17 -8.467242e-01 5.320321e-01
    outer loop
      vertex   6.800000e+01 -9.913805e+00 6.757834e+00
      vertex   6.000000e+01 -9.913805e+00 6.757834e+00
      vertex   6.800000e+01 -1.039119e+01 5.998075e+00
    endloop
  endfacet
  facet normal -4.458968e-16 -8.467242e-01 5.320321e-01
    outer loop
      vertex   6.800000e+01 -1.039119e+01 5.998075e+00
      vertex   6.000000e+01 -9.913805e+00 6.757834e+00
      vertex   6.000000e+01 -1.039119e+01 5.998075e+00
    endloop
  endfacet
  facet normal -4.851847e-16 -8.841154e-01 4.672686e-01
    outer loop
      vertex   6.800000e+01 -1.039119e+01 5.998075e+00
      vertex   6.000000e+01 -1.039119e+01 5.998075e+00
      vertex   6.800000e+01 -1.081047e+01 5.204764e+00
    endloop
  endfacet
  facet normal 6.307314e-17 -8.841154e-01 4.672686e-01
    outer loop
      vertex   6.800000e+01 -1.081047e+01 5.204764e+00
      vertex   6.000000e+01 -1.039119e+01 5.998075e+00
      vertex   6.000000e+01 -1.081047e+01 5.204764e+00
    endloop
  endfacet
  facet normal 1.846696e-17 -9.165623e-01 3.998920e-01
    outer loop
      vertex   6.800000e+01 -1.081047e+01 5.204764e+00
      vertex   6.000000e+01 -1.081047e+01 5.204764e+00
      vertex   6.800000e+01 -1.116929e+01 4.382340e+00
    endloop
  endfacet
  facet normal -2.738446e-16 -9.165623e-01 3.998920e-01
    outer loop
      vertex   6.800000e+01 -1.116929e+01 4.382340e+00
      vertex   6.000000e+01 -1.081047e+01 5.204764e+00
      vertex   6.000000e+01 -1.116929e+01 4.382340e+00
    endloop
  endfacet
  facet normal -3.091634e-16 -9.438833e-01 3.302791e-01
    outer loop
      vertex   6.800000e+01 -1.116929e+01 4.382340e+00
      vertex   6.000000e+01 -1.116929e+01 4.382340e+00
      vertex   6.800000e+01 -1.146565e+01 3.535400e+00
    endloop
  endfacet
  facet normal -6.291083e-17 -9.438833e-01 3.302791e-01
    outer loop
      vertex   6.800000e+01 -1.146565e+01 3.535400e+00
      vertex   6.000000e+01 -1.116929e+01 4.382340e+00
      vertex   6.000000e+01 -1.146565e+01 3.535400e+00
    endloop
  endfacet
  facet normal -9.953987e-17 -9.659258e-01 2.588190e-01
    outer loop
      vertex   6.800000e+01 -1.146565e+01 3.535400e+00
      vertex   6.000000e+01 -1.146565e+01 3.535400e+00
      vertex   6.800000e+01 -1.169788e+01 2.668682e+00
    endloop
  endfacet
  facet normal -3.140185e-16 -9.659258e-01 2.588190e-01
    outer loop
      vertex   6.800000e+01 -1.169788e+01 2.668682e+00
      vertex   6.000000e+01 -1.146565e+01 3.535400e+00
      vertex   6.000000e+01 -1.169788e+01 2.668682e+00
    endloop
  endfacet
  facet normal -3.537858e-16 -9.825665e-01 1.859116e-01
    outer loop
      vertex   6.800000e+01 -1.169788e+01 2.668682e+00
      vertex   6.000000e+01 -1.169788e+01 2.668682e+00
      vertex   6.800000e+01 -1.186470e+01 1.787032e+00
    endloop
  endfacet
  facet normal -3.692661e-16 -9.825665e-01 1.859116e-01
    outer loop
      vertex   6.800000e+01 -1.186470e+01 1.787032e+00
      vertex   6.000000e+01 -1.169788e+01 2.668682e+00
      vertex   6.000000e+01 -1.186470e+01 1.787032e+00
    endloop
  endfacet
  facet normal -4.008976e-16 -9.937122e-01 1.119645e-01
    outer loop
      vertex   6.800000e+01 -1.186470e+01 1.787032e+00
      vertex   6.000000e+01 -1.186470e+01 1.787032e+00
      vertex   6.800000e+01 -1.196517e+01 8.953817e-01
    endloop
  endfacet
  facet normal -4.008976e-16 -9.937122e-01 1.119645e-01
    outer loop
      vertex   6.800000e+01 -1.196517e+01 8.953817e-01
      vertex   6.000000e+01 -1.186470e+01 1.787032e+00
      vertex   6.000000e+01 -1.196517e+01 8.953817e-01
    endloop
  endfacet
  facet normal -4.302871e-16 -9.993007e-01 3.739119e-02
    outer loop
      vertex   6.800000e+01 -1.196517e+01 8.953817e-01
      vertex   6.000000e+01 -1.196517e+01 8.953817e-01
      vertex   6.800000e+01 -1.199872e+01 -1.283549e-03
    endloop
  endfacet
  facet normal -4.319117e-16 -9.993007e-01 3.739119e-02
    outer loop
      vertex   6.800000e+01 -1.199872e+01 -1.283549e-03
      vertex   6.000000e+01 -1.196517e+01 8.953817e-01
      vertex   6.000000e+01 -1.199872e+01 -1.283549e-03
    endloop
  endfacet
  facet normal -4.556456e-16 -9.993007e-01 -3.739119e-02
    outer loop
      vertex   6.800000e+01 -1.199872e+01 -1.283549e-03
      vertex   6.000000e+01 -1.199872e+01 -1.283549e-03
      vertex   6.800000e+01 -1.196517e+01 -8.979488e-01
    endloop
  endfacet
  facet normal -4.551946e-16 -9.993007e-01 -3.739119e-02
    outer loop
      vertex   6.800000e+01 -1.196517e+01 -8.979488e-01
      vertex   6.000000e+01 -1.199872e+01 -1.283549e-03
      vertex   6.000000e+01 -1.196517e+01 -8.979488e-01
    endloop
  endfacet
  facet normal -4.754809e-16 -9.937122e-01 -1.119645e-01
    outer loop
      vertex   6.800000e+01 -1.196517e+01 -8.979488e-01
      vertex   6.000000e+01 -1.196517e+01 -8.979488e-01
      vertex   6.800000e+01 -1.186470e+01 -1.789599e+00
    endloop
  endfacet
  facet normal -6.930217e-16 -9.937122e-01 -1.119645e-01
    outer loop
      vertex   6.800000e+01 -1.186470e+01 -1.789599e+00
      vertex   6.000000e+01 -1.196517e+01 -8.979488e-01
      vertex   6.000000e+01 -1.186470e+01 -1.789599e+00
    endloop
  endfacet
  facet normal -7.061216e-16 -9.825665e-01 -1.859116e-01
    outer loop
      vertex   6.800000e+01 -1.186470e+01 -1.789599e+00
      vertex   6.000000e+01 -1.186470e+01 -1.789599e+00
      vertex   6.800000e+01 -1.169788e+01 -2.671249e+00
    endloop
  endfacet
  facet normal -2.697744e-16 -9.825665e-01 -1.859116e-01
    outer loop
      vertex   6.800000e+01 -1.169788e+01 -2.671249e+00
      vertex   6.000000e+01 -1.186470e+01 -1.789599e+00
      vertex   6.000000e+01 -1.169788e+01 -2.671249e+00
    endloop
  endfacet
  facet normal -2.863153e-16 -9.659258e-01 -2.588190e-01
    outer loop
      vertex   6.800000e+01 -1.169788e+01 -2.671249e+00
      vertex   6.000000e+01 -1.169788e+01 -2.671249e+00
      vertex   6.800000e+01 -1.146565e+01 -3.537967e+00
    endloop
  endfacet
  facet normal -4.864266e-16 -9.659258e-01 -2.588190e-01
    outer loop
      vertex   6.800000e+01 -1.146565e+01 -3.537967e+00
      vertex   6.000000e+01 -1.169788e+01 -2.671249e+00
      vertex   6.000000e+01 -1.146565e+01 -3.537967e+00
    endloop
  endfacet
  facet normal -4.925051e-16 -9.438833e-01 -3.302791e-01
    outer loop
      vertex   6.800000e+01 -1.146565e+01 -3.537967e+00
      vertex   6.000000e+01 -1.146565e+01 -3.537967e+00
      vertex   6.800000e+01 -1.116929e+01 -4.384907e+00
    endloop
  endfacet
  facet normal -4.558367e-16 -9.438833e-01 -3.302791e-01
    outer loop
      vertex   6.800000e+01 -1.116929e+01 -4.384907e+00
      vertex   6.000000e+01 -1.146565e+01 -3.537967e+00
      vertex   6.000000e+01 -1.116929e+01 -4.384907e+00
    endloop
  endfacet
  facet normal -4.514323e-16 -9.165623e-01 -3.998920e-01
    outer loop
      vertex   6.800000e+01 -1.116929e+01 -4.384907e+00
      vertex   6.000000e+01 -1.116929e+01 -4.384907e+00
      vertex   6.800000e+01 -1.081047e+01 -5.207332e+00
    endloop
  endfacet
  facet normal -5.402262e-16 -9.165623e-01 -3.998920e-01
    outer loop
      vertex   6.800000e+01 -1.081047e+01 -5.207332e+00
      vertex   6.000000e+01 -1.116929e+01 -4.384907e+00
      vertex   6.000000e+01 -1.081047e+01 -5.207332e+00
    endloop
  endfacet
  facet normal -5.482578e-16 -8.841154e-01 -4.672686e-01
    outer loop
      vertex   6.800000e+01 -1.081047e+01 -5.207332e+00
      vertex   6.000000e+01 -1.081047e+01 -5.207332e+00
      vertex   6.800000e+01 -1.039119e+01 -6.000642e+00
    endloop
  endfacet
  facet normal -1.963131e-16 -8.841154e-01 -4.672686e-01
    outer loop
      vertex   6.800000e+01 -1.039119e+01 -6.000642e+00
      vertex   6.000000e+01 -1.081047e+01 -5.207332e+00
      vertex   6.000000e+01 -1.039119e+01 -6.000642e+00
    endloop
  endfacet
  facet normal -1.880105e-16 -8.467242e-01 -5.320321e-01
    outer loop
      vertex   6.800000e+01 -1.039119e+01 -6.000642e+00
      vertex   6.000000e+01 -1.039119e+01 -6.000642e+00
      vertex   6.800000e+01 -9.913805e+00 -6.760401e+00
    endloop
  endfacet
  facet normal -4.941559e-16 -8.467242e-01 -5.320321e-01
    outer loop
      vertex   6.800000e+01 -9.913805e+00 -6.760401e+00
      vertex   6.000000e+01 -1.039119e+01 -6.000642e+00
      vertex   6.000000e+01 -9.913805e+00 -6.760401e+00
    endloop
  endfacet
  facet normal -4.891678e-16 -8.045978e-01 -5.938202e-01
    outer loop
      vertex   6.800000e+01 -9.913805e+00 -6.760401e+00
      vertex   6.000000e+01 -9.913805e+00 -6.760401e+00
      vertex   6.800000e+01 -9.380974e+00 -7.482361e+00
    endloop
  endfacet
  facet normal -4.891678e-16 -8.045978e-01 -5.938202e-01
    outer loop
      vertex   6.800000e+01 -9.380974e+00 -7.482361e+00
      vertex   6.000000e+01 -9.913805e+00 -6.760401e+00
      vertex   6.000000e+01 -9.380974e+00 -7.482361e+00
    endloop
  endfacet
  facet normal -4.814440e-16 -7.579717e-01 -6.522874e-01
    outer loop
      vertex   6.800000e+01 -9.380974e+00 -7.482361e+00
      vertex   6.000000e+01 -9.380974e+00 -7.482361e+00
      vertex   6.800000e+01 -8.795682e+00 -8.162483e+00
    endloop
  endfacet
  facet normal -1.448369e-16 -7.579717e-01 -6.522874e-01
    outer loop
      vertex   6.800000e+01 -8.795682e+00 -8.162483e+00
      vertex   6.000000e+01 -9.380974e+00 -7.482361e+00
      vertex   6.000000e+01 -8.795682e+00 -8.162483e+00
    endloop
  endfacet
  facet normal -1.570092e-16 -7.071068e-01 -7.071068e-01
    outer loop
      vertex   6.800000e+01 -8.795682e+00 -8.162483e+00
      vertex   6.000000e+01 -8.795682e+00 -8.162483e+00
      vertex   6.800000e+01 -8.161200e+00 -8.796965e+00
    endloop
  endfacet
  facet normal -3.140185e-16 -7.071068e-01 -7.071068e-01
    outer loop
      vertex   6.800000e+01 -8.161200e+00 -8.796965e+00
      vertex   6.000000e+01 -8.795682e+00 -8.162483e+00
      vertex   6.000000e+01 -8.161200e+00 -8.796965e+00
    endloop
  endfacet
  facet normal -2.896738e-16 -6.522874e-01 -7.579717e-01
    outer loop
      vertex   6.800000e+01 -8.161200e+00 -8.796965e+00
      vertex   6.000000e+01 -8.161200e+00 -8.796965e+00
      vertex   6.800000e+01 -7.481077e+00 -9.382258e+00
    endloop
  endfacet
  facet normal -3.111219e-16 -6.522874e-01 -7.579717e-01
    outer loop
      vertex   6.800000e+01 -7.481077e+00 -9.382258e+00
      vertex   6.000000e+01 -8.161200e+00 -8.796965e+00
      vertex   6.000000e+01 -7.481077e+00 -9.382258e+00
    endloop
  endfacet
  facet normal -3.849900e-16 -5.938202e-01 -8.045978e-01
    outer loop
      vertex   6.800000e+01 -7.481077e+00 -9.382258e+00
      vertex   6.000000e+01 -7.481077e+00 -9.382258e+00
      vertex   6.800000e+01 -6.759118e+00 -9.915088e+00
    endloop
  endfacet
  facet normal -4.423657e-16 -5.938202e-01 -8.045978e-01
    outer loop
      vertex   6.800000e+01 -6.759118e+00 -9.915088e+00
      vertex   6.000000e+01 -7.481077e+00 -9.382258e+00
      vertex   6.000000e+01 -6.759118e+00 -9.915088e+00
    endloop
  endfacet
  facet normal -4.242802e-16 -5.320321e-01 -8.467242e-01
    outer loop
      vertex   6.800000e+01 -6.759118e+00 -9.915088e+00
      vertex   6.000000e+01 -6.759118e+00 -9.915088e+00
      vertex   6.800000e+01 -5.999358e+00 -1.039248e+01
    endloop
  endfacet
  facet normal -2.096271e-16 -5.320321e-01 -8.467242e-01
    outer loop
      vertex   6.800000e+01 -5.999358e+00 -1.039248e+01
      vertex   6.000000e+01 -6.759118e+00 -9.915088e+00
      vertex   6.000000e+01 -5.999358e+00 -1.039248e+01
    endloop
  endfacet
  facet normal -2.776757e-16 -4.672686e-01 -8.841154e-01
    outer loop
      vertex   6.800000e+01 -5.999358e+00 -1.039248e+01
      vertex   6.000000e+01 -5.999358e+00 -1.039248e+01
      vertex   6.800000e+01 -5.206048e+00 -1.081175e+01
    endloop
  endfacet
  facet normal -6.520123e-16 -4.672686e-01 -8.841154e-01
    outer loop
      vertex   6.800000e+01 -5.206048e+00 -1.081175e+01
      vertex   6.000000e+01 -5.999358e+00 -1.039248e+01
      vertex   6.000000e+01 -5.206048e+00 -1.081175e+01
    endloop
  endfacet
  facet normal -6.290201e-16 -3.998920e-01 -9.165623e-01
    outer loop
      vertex   6.800000e+01 -5.206048e+00 -1.081175e+01
      vertex   6.000000e+01 -5.206048e+00 -1.081175e+01
      vertex   6.800000e+01 -4.383623e+00 -1.117057e+01
    endloop
  endfacet
  facet normal -3.811054e-16 -3.998920e-01 -9.165623e-01
    outer loop
      vertex   6.800000e+01 -4.383623e+00 -1.117057e+01
      vertex   6.000000e+01 -5.206048e+00 -1.081175e+01
      vertex   6.000000e+01 -4.383623e+00 -1.117057e+01
    endloop
  endfacet
  facet normal -3.562576e-16 -3.302791e-01 -9.438833e-01
    outer loop
      vertex   6.800000e+01 -4.383623e+00 -1.117057e+01
      vertex   6.000000e+01 -4.383623e+00 -1.117057e+01
      vertex   6.800000e+01 -3.536684e+00 -1.146693e+01
    endloop
  endfacet
  facet normal -5.999926e-16 -3.302791e-01 -9.438833e-01
    outer loop
      vertex   6.800000e+01 -3.536684e+00 -1.146693e+01
      vertex   6.000000e+01 -4.383623e+00 -1.117057e+01
      vertex   6.000000e+01 -3.536684e+00 -1.146693e+01
    endloop
  endfacet
  facet normal -6.711390e-16 -2.588190e-01 -9.659258e-01
    outer loop
      vertex   6.800000e+01 -3.536684e+00 -1.146693e+01
      vertex   6.000000e+01 -3.536684e+00 -1.146693e+01
      vertex   6.800000e+01 -2.669966e+00 -1.169917e+01
    endloop
  endfacet
  facet normal -2.421818e-16 -2.588190e-01 -9.659258e-01
    outer loop
      vertex   6.800000e+01 -2.669966e+00 -1.169917e+01
      vertex   6.000000e+01 -3.536684e+00 -1.146693e+01
      vertex   6.000000e+01 -2.669966e+00 -1.169917e+01
    endloop
  endfacet
  facet normal -3.021850e-16 -1.859116e-01 -9.825665e-01
    outer loop
      vertex   6.800000e+01 -2.669966e+00 -1.169917e+01
      vertex   6.000000e+01 -2.669966e+00 -1.169917e+01
      vertex   6.800000e+01 -1.788316e+00 -1.186598e+01
    endloop
  endfacet
  facet normal -8.401141e-17 -1.859116e-01 -9.825665e-01
    outer loop
      vertex   6.800000e+01 -1.788316e+00 -1.186598e+01
      vertex   6.000000e+01 -2.669966e+00 -1.169917e+01
      vertex   6.000000e+01 -1.788316e+00 -1.186598e+01
    endloop
  endfacet
  facet normal -1.398498e-16 -1.119645e-01 -9.937122e-01
    outer loop
      vertex   6.800000e+01 -1.788316e+00 -1.186598e+01
      vertex   6.000000e+01 -1.788316e+00 -1.186598e+01
      vertex   6.800000e+01 -8.966652e-01 -1.196645e+01
    endloop
  endfacet
  facet normal -1.367422e-16 -1.119645e-01 -9.937122e-01
    outer loop
      vertex   6.800000e+01 -8.966652e-01 -1.196645e+01
      vertex   6.000000e+01 -1.788316e+00 -1.186598e+01
      vertex   6.000000e+01 -8.966652e-01 -1.196645e+01
    endloop
  endfacet
  facet normal -1.938683e-16 -3.739119e-02 -9.993007e-01
    outer loop
      vertex   6.800000e+01 -8.966652e-01 -1.196645e+01
      vertex   6.000000e+01 -8.966652e-01 -1.196645e+01
      vertex   6.800000e+01 0.000000e+00 -1.200000e+01
    endloop
  endfacet
  facet normal 0.000000e+00 -3.739119e-02 -9.993007e-01
    outer loop
      vertex   6.800000e+01 0.000000e+00 -1.200000e+01
      vertex   6.000000e+01 -8.966652e-01 -1.196645e+01
      vertex   5.200000e+01 -8.966652e-01 -1.196645e+01
    endloop
  endfacet
  facet normal 0.000000e+00 -3.739119e-02 -9.993007e-01
    outer loop
      vertex   6.800000e+01 0.000000e+00 -1.200000e+01
      vertex   5.200000e+01 -8.966652e-01 -1.196645e+01
      vertex   4.400000e+01 -8.966652e-01 -1.196645e+01
    endloop
  endfacet
  facet normal 0.000000e+00 -1.119645e-01 -9.937122e-01
    outer loop
      vertex   4.400000e+01 -8.966652e-01 -1.196645e+01
      vertex   5.200000e+01 -8.966652e-01 -1.196645e+01
      vertex   4.400000e+01 -1.788316e+00 -1.186598e+01
    endloop
  endfacet
  facet normal 0.000000e+00 -1.119645e-01 -9.937122e-01
    outer loop
      vertex   4.400000e+01 -8.966652e-01 -1.196645e+01
      vertex   4.400000e+01 -1.788316e+00 -1.186598e+01
      vertex   3.600000e+01 -1.788316e+00 -1.186598e+01
    endloop
  endfacet
  facet normal 0.000000e+00 -1.859116e-01 -9.825665e-01
    outer loop
      vertex   3.600000e+01 -1.788316e+00 -1.186598e+01
      vertex   4.400000e+01 -1.788316e+00 -1.186598e+01
      vertex   3.600000e+01 -2.669966e+00 -1.169917e+01
    endloop
  endfacet
  facet normal 0.000000e+00 -1.859116e-01 -9.825665e-01
    outer loop
      vertex   3.600000e+01 -1.788316e+00 -1.186598e+01
      vertex   3.600000e+01 -2.669966e+00 -1.169917e+01
      vertex   2.800000e+01 -2.669966e+00 -1.169917e+01
    endloop
  endfacet
  facet normal 0.000000e+00 -2.588190e-01 -9.659258e-01
    outer loop
      vertex   2.800000e+01 -2.669966e+00 -1.169917e+01
      vertex   3.600000e+01 -2.669966e+00 -1.169917e+01
      vertex   2.800000e+01 -3.536684e+00 -1.146693e+01
    endloop
  endfacet
  facet normal 6.727836e-16 -2.588190e-01 -9.659258e-01
    outer loop
      vertex   2.800000e+01 -2.669966e+00 -1.169917e+01
      vertex   2.800000e+01 -3.536684e+00 -1.146693e+01
      vertex   2.000000e+01 -3.536684e+00 -1.146693e+01
    endloop
  endfacet
  facet normal 5.999926e-16 -3.302791e-01 -9.438833e-01
    outer loop
      vertex   2.000000e+01 -3.536684e+00 -1.146693e+01
      vertex   2.800000e+01 -3.536684e+00 -1.146693e+01
      vertex   2.000000e+01 -4.383623e+00 -1.117057e+01
    endloop
  endfacet
  facet normal 3.562576e-16 -3.302791e-01 -9.438833e-01
    outer loop
      vertex   2.000000e+01 -4.383623e+00 -1.117057e+01
      vertex   2.800000e+01 -3.536684e+00 -1.146693e+01
      vertex   2.800000e+01 -4.383623e+00 -1.117057e+01
    endloop
  endfacet
  facet normal 3.811054e-16 -3.998920e-01 -9.165623e-01
    outer loop
      vertex   2.000000e+01 -4.383623e+00 -1.117057e+01
      vertex   2.800000e+01 -4.383623e+00 -1.117057e+01
      vertex   2.000000e+01 -5.206048e+00 -1.081175e+01
    endloop
  endfacet
  facet normal 6.290201e-16 -3.998920e-01 -9.165623e-01
    outer loop
      vertex   2.000000e+01 -5.206048e+00 -1.081175e+01
      vertex   2.800000e+01 -4.383623e+00 -1.117057e+01
      vertex   2.800000e+01 -5.206048e+00 -1.081175e+01
    endloop
  endfacet
  facet normal 6.520123e-16 -4.672686e-01 -8.841154e-01
    outer loop
      vertex   2.000000e+01 -5.206048e+00 -1.081175e+01
      vertex   2.800000e+01 -5.206048e+00 -1.081175e+01
      vertex   2.000000e+01 -5.999358e+00 -1.039248e+01
    endloop
  endfacet
  facet normal 2.776757e-16 -4.672686e-01 -8.841154e-01
    outer loop
      vertex   2.000000e+01 -5.999358e+00 -1.039248e+01
      vertex   2.800000e+01 -5.206048e+00 -1.081175e+01
      vertex   2.800000e+01 -5.999358e+00 -1.039248e+01
    endloop
  endfacet
  facet normal 2.096271e-16 -5.320321e-01 -8.467242e-01
    outer loop
      vertex   2.000000e+01 -5.999358e+00 -1.039248e+01
      vertex   2.800000e+01 -5.999358e+00 -1.039248e+01
      vertex   2.000000e+01 -6.759118e+00 -9.915088e+00
    endloop
  endfacet
  facet normal 4.242802e-16 -5.320321e-01 -8.467242e-01
    outer loop
      vertex   2.000000e+01 -6.759118e+00 -9.915088e+00
      vertex   2.800000e+01 -5.999358e+00 -1.039248e+01
      vertex   2.800000e+01 -6.759118e+00 -9.915088e+00
    endloop
  endfacet
  facet normal 4.423657e-16 -5.938202e-01 -8.045978e-01
    outer loop
      vertex   2.000000e+01 -6.759118e+00 -9.915088e+00
      vertex   2.800000e+01 -6.759118e+00 -9.915088e+00
      vertex   2.000000e+01 -7.481077e+00 -9.382258e+00
    endloop
  endfacet
  facet normal 3.849900e-16 -5.938202e-01 -8.045978e-01
    outer loop
      vertex   2.000000e+01 -7.481077e+00 -9.382258e+00
      vertex   2.800000e+01 -6.759118e+00 -9.915088e+00
      vertex   2.800000e+01 -7.481077e+00 -9.382258e+00
    endloop
  endfacet
  facet normal 3.111219e-16 -6.522874e-01 -7.579717e-01
    outer loop
      vertex   2.000000e+01 -7.481077e+00 -9.382258e+00
      vertex   2.800000e+01 -7.481077e+00 -9.382258e+00
      vertex   2.000000e+01 -8.161200e+00 -8.796965e+00
    endloop
  endfacet
  facet normal 2.896738e-16 -6.522874e-01 -7.579717e-01
    outer loop
      vertex   2.000000e+01 -8.161200e+00 -8.796965e+00
      vertex   2.800000e+01 -7.481077e+00 -9.382258e+00
      vertex   2.800000e+01 -8.161200e+00 -8.796965e+00
    endloop
  endfacet
  facet normal 3.140185e-16 -7.071068e-01 -7.071068e-01
    outer loop
      vertex   2.000000e+01 -8.161200e+00 -8.796965e+00
      vertex   2.800000e+01 -8.161200e+00 -8.796965e+00
      vertex   2.000000e+01 -8.795682e+00 -8.162483e+00
    endloop
  endfacet
  facet normal 1.570092e-16 -7.071068e-01 -7.071068e-01
    outer loop
      vertex   2.000000e+01 -8.795682e+00 -8.162483e+00
      vertex   2.800000e+01 -8.161200e+00 -8.796965e+00
      vertex   2.800000e+01 -8.795682e+00 -8.162483e+00
    endloop
  endfacet
  facet normal 1.448369e-16 -7.579717e-01 -6.522874e-01
    outer loop
      vertex   2.000000e+01 -8.795682e+00 -8.162483e+00
      vertex   2.800000e+01 -8.795682e+00 -8.162483e+00
      vertex   2.000000e+01 -9.380974e+00 -7.482361e+00
    endloop
  endfacet
  facet normal 4.814440e-16 -7.579717e-01 -6.522874e-01
    outer loop
      vertex   2.000000e+01 -9.380974e+00 -7.482361e+00
      vertex   2.800000e+01 -8.795682e+00 -8.162483e+00
      vertex   2.800000e+01 -9.380974e+00 -7.482361e+00
    endloop
  endfacet
  facet normal 4.891678e-16 -8.045978e-01 -5.938202e-01
    outer loop
      vertex   2.000000e+01 -9.380974e+00 -7.482361e+00
      vertex   2.800000e+01 -9.380974e+00 -7.482361e+00
      vertex   2.000000e+01 -9.913805e+00 -6.760401e+00
    endloop
  endfacet
  facet normal 4.891678e-16 -8.045978e-01 -5.938202e-01
    outer loop
      vertex   2.000000e+01 -9.913805e+00 -6.760401e+00
      vertex   2.800000e+01 -9.380974e+00 -7.482361e+00
      vertex   2.800000e+01 -9.913805e+00 -6.760401e+00
    endloop
  endfacet
  facet normal 4.941559e-16 -8.467242e-01 -5.320321e-01
    outer loop
      vertex   2.000000e+01 -9.913805e+00 -6.760401e+00
      vertex   2.800000e+01 -9.913805e+00 -6.760401e+00
      vertex   2.000000e+01 -1.039119e+01 -6.000642e+00
    endloop
  endfacet
  facet normal 1.880105e-16 -8.467242e-01 -5.320321e-01
    outer loop
      vertex   2.000000e+01 -1.039119e+01 -6.000642e+00
      vertex   2.800000e+01 -9.913805e+00 -6.760401e+00
      vertex   2.800000e+01 -1.039119e+01 -6.000642e+00
    endloop
  endfacet
  facet normal 1.963131e-16 -8.841154e-01 -4.672686e-01
    outer loop
      vertex   2.000000e+01 -1.039119e+01 -6.000642e+00
      vertex   2.800000e+01 -1.039119e+01 -6.000642e+00
      vertex   2.000000e+01 -1.081047e+01 -5.207332e+00
    endloop
  endfacet
  facet normal 5.482578e-16 -8.841154e-01 -4.672686e-01
    outer loop
      vertex   2.000000e+01 -1.081047e+01 -5.207332e+00
      vertex   2.800000e+01 -1.039119e+01 -6.000642e+00
      vertex   2.800000e+01 -1.081047e+01 -5.207332e+00
    endloop
  endfacet
  facet normal 5.402262e-16 -9.165623e-01 -3.998920e-01
    outer loop
      vertex   2.000000e+01 -1.081047e+01 -5.207332e+00
      vertex   2.800000e+01 -1.081047e+01 -5.207332e+00
      vertex   2.000000e+01 -1.116929e+01 -4.384907e+00
    endloop
  endfacet
  facet normal 4.514323e-16 -9.165623e-01 -3.998920e-01
    outer loop
      vertex   2.000000e+01 -1.116929e+01 -4.384907e+00
      vertex   2.800000e+01 -1.081047e+01 -5.207332e+00
      vertex   2.800000e+01 -1.116929e+01 -4.384907e+00
    endloop
  endfacet
  facet normal 4.558367e-16 -9.438833e-01 -3.302791e-01
    outer loop
      vertex   2.000000e+01 -1.116929e+01 -4.384907e+00
      vertex   2.800000e+01 -1.116929e+01 -4.384907e+00
      vertex   2.000000e+01 -1.146565e+01 -3.537967e+00
    endloop
  endfacet
  facet normal 4.925051e-16 -9.438833e-01 -3.302791e-01
    outer loop
      vertex   2.000000e+01 -1.146565e+01 -3.537967e+00
      vertex   2.800000e+01 -1.116929e+01 -4.384907e+00
      vertex   2.800000e+01 -1.146565e+01 -3.537967e+00
    endloop
  endfacet
  facet normal 4.864266e-16 -9.659258e-01 -2.588190e-01
    outer loop
      vertex   2.000000e+01 -1.146565e+01 -3.537967e+00
      vertex   2.800000e+01 -1.146565e+01 -3.537967e+00
      vertex   2.000000e+01 -1.169788e+01 -2.671249e+00
    endloop
  endfacet
  facet normal 2.863153e-16 -9.659258e-01 -2.588190e-01
    outer loop
      vertex   2.000000e+01 -1.169788e+01 -2.671249e+00
      vertex   2.800000e+01 -1.146565e+01 -3.537967e+00
      vertex   2.800000e+01 -1.169788e+01 -2.671249e+00
    endloop
  endfacet
  facet normal 2.697744e-16 -9.825665e-01 -1.859116e-01
    outer loop
      vertex   2.000000e+01 -1.169788e+01 -2.671249e+00
      vertex   2.800000e+01 -1.169788e+01 -2.671249e+00
      vertex   2.000000e+01 -1.186470e+01 -1.789599e+00
    endloop
  endfacet
  facet normal 7.061216e-16 -9.825665e-01 -1.859116e-01
    outer loop
      vertex   2.000000e+01 -1.186470e+01 -1.789599e+00
      vertex   2.800000e+01 -1.169788e+01 -2.671249e+00
      vertex   2.800000e+01 -1.186470e+01 -1.789599e+00
    endloop
  endfacet
  facet normal 6.930217e-16 -9.937122e-01 -1.119645e-01
    outer loop
      vertex   2.000000e+01 -1.186470e+01 -1.789599e+00
      vertex   2.800000e+01 -1.186470e+01 -1.789599e+00
      vertex   2.000000e+01 -1.196517e+01 -8.979488e-01
    endloop
  endfacet
  facet normal 4.754809e-16 -9.937122e-01 -1.119645e-01
    outer loop
      vertex   2.000000e+01 -1.196517e+01 -8.979488e-01
      vertex   2.800000e+01 -1.186470e+01 -1.789599e+00
      vertex   2.800000e+01 -1.196517e+01 -8.979488e-01
    endloop
  endfacet
  facet normal 4.551946e-16 -9.993007e-01 -3.739119e-02
    outer loop
      vertex   2.000000e+01 -1.196517e+01 -8.979488e-01
      vertex   2.800000e+01 -1.196517e+01 -8.979488e-01
      vertex   2.000000e+01 -1.199872e+01 -1.283549e-03
    endloop
  endfacet
  facet normal 4.556456e-16 -9.993007e-01 -3.739119e-02
    outer loop
      vertex   2.000000e+01 -1.199872e+01 -1.283549e-03
      vertex   2.800000e+01 -1.196517e+01 -8.979488e-01
      vertex   2.800000e+01 -1.199872e+01 -1.283549e-03
    endloop
  endfacet
  facet normal 4.319117e-16 -9.993007e-01 3.739119e-02
    outer loop
      vertex   2.000000e+01 -1.199872e+01 -1.283549e-03
      vertex   2.800000e+01 -1.199872e+01 -1.283549e-03
      vertex   2.000000e+01 -1.196517e+01 8.953817e-01
    endloop
  endfacet
  facet normal 4.302871e-16 -9.993007e-01 3.739119e-02
    outer loop
      vertex   2.000000e+01 -1.196517e+01 8.953817e-01
      vertex   2.800000e+01 -1.199872e+01 -1.283549e-03
      vertex   2.800000e+01 -1.196517e+01 8.953817e-01
    endloop
  endfacet
  facet normal 4.008976e-16 -9.937122e-01 1.119645e-01
    outer loop
      vertex   2.000000e+01 -1.196517e+01 8.953817e-01
      vertex   2.800000e+01 -1.196517e+01 8.953817e-01
      vertex   2.000000e+01 -1.186470e+01 1.787032e+00
    endloop
  endfacet
  facet normal 4.008976e-16 -9.937122e-01 1.119645e-01
    outer loop
      vertex   2.000000e+01 -1.186470e+01 1.787032e+00
      vertex   2.800000e+01 -1.196517e+01 8.953817e-01
      vertex   2.800000e+01 -1.186470e+01 1.787032e+00
    endloop
  endfacet
  facet normal 3.692661e-16 -9.825665e-01 1.859116e-01
    outer loop
      vertex   2.000000e+01 -1.186470e+01 1.787032e+00
      vertex   2.800000e+01 -1.186470e+01 1.787032e+00
      vertex   2.000000e+01 -1.169788e+01 2.668682e+00
    endloop
  endfacet
  facet normal 3.537858e-16 -9.825665e-01 1.859116e-01
    outer loop
      vertex   2.000000e+01 -1.169788e+01 2.668682e+00
      vertex   2.800000e+01 -1.186470e+01 1.787032e+00
      vertex   2.800000e+01 -1.169788e+01 2.668682e+00
    endloop
  endfacet
  facet normal 3.140185e-16 -9.659258e-01 2.588190e-01
    outer loop
      vertex   2.000000e+01 -1.169788e+01 2.668682e+00
      vertex   2.800000e+01 -1.169788e+01 2.668682e+00
      vertex   2.000000e+01 -1.146565e+01 3.535400e+00
    endloop
  endfacet
  facet normal 9.953987e-17 -9.659258e-01 2.588190e-01
    outer loop
      vertex   2.000000e+01 -1.146565e+01 3.535400e+00
      vertex   2.800000e+01 -1.169788e+01 2.668682e+00
      vertex   2.800000e+01 -1.146565e+01 3.535400e+00
    endloop
  endfacet
  facet normal 6.291083e-17 -9.438833e-01 3.302791e-01
    outer loop
      vertex   2.000000e+01 -1.146565e+01 3.535400e+00
      vertex   2.800000e+01 -1.146565e+01 3.535400e+00
      vertex   2.000000e+01 -1.116929e+01 4.382340e+00
    endloop
  endfacet
  facet normal 3.091634e-16 -9.438833e-01 3.302791e-01
    outer loop
      vertex   2.000000e+01 -1.116929e+01 4.382340e+00
      vertex   2.800000e+01 -1.146565e+01 3.535400e+00
      vertex   2.800000e+01 -1.116929e+01 4.382340e+00
    endloop
  endfacet
  facet normal 2.738446e-16 -9.165623e-01 3.998920e-01
    outer loop
      vertex   2.000000e+01 -1.116929e+01 4.382340e+00
      vertex   2.800000e+01 -1.116929e+01 4.382340e+00
      vertex   2.000000e+01 -1.081047e+01 5.204764e+00
    endloop
  endfacet
  facet normal -1.846696e-17 -9.165623e-01 3.998920e-01
    outer loop
      vertex   2.000000e+01 -1.081047e+01 5.204764e+00
      vertex   2.800000e+01 -1.116929e+01 4.382340e+00
      vertex   2.800000e+01 -1.081047e+01 5.204764e+00
    endloop
  endfacet
  facet normal -6.307314e-17 -8.841154e-01 4.672686e-01
    outer loop
      vertex   2.000000e+01 -1.081047e+01 5.204764e+00
      vertex   2.800000e+01 -1.081047e+01 5.204764e+00
      vertex   2.000000e+01 -1.039119e+01 5.998075e+00
    endloop
  endfacet
  facet normal 4.851847e-16 -8.841154e-01 4.672686e-01
    outer loop
      vertex   2.000000e+01 -1.039119e+01 5.998075e+00
      vertex   2.800000e+01 -1.081047e+01 5.204764e+00
      vertex   2.800000e+01 -1.039119e+01 5.998075e+00
    endloop
  endfacet
  facet normal 4.458968e-16 -8.467242e-01 5.320321e-01
    outer loop
      vertex   2.000000e+01 -1.039119e+01 5.998075e+00
      vertex   2.800000e+01 -1.039119e+01 5.998075e+00
      vertex   2.000000e+01 -9.913805e+00 6.757834e+00
    endloop
  endfacet
  facet normal -4.825916e-17 -8.467242e-01 5.320321e-01
    outer loop
      vertex   2.000000e+01 -9.913805e+00 6.757834e+00
      vertex   2.800000e+01 -1.039119e+01 5.998075e+00
      vertex   2.800000e+01 -9.913805e+00 6.757834e+00
    endloop
  endfacet
  facet normal -8.505254e-17 -8.045978e-01 5.938202e-01
    outer loop
      vertex   2.000000e+01 -9.913805e+00 6.757834e+00
      vertex   2.800000e+01 -9.913805e+00 6.757834e+00
      vertex   2.000000e+01 -9.380974e+00 7.479794e+00
    endloop
  endfacet
  facet normal -1.509798e-16 -8.045978e-01 5.938202e-01
    outer loop
      vertex   2.000000e+01 -9.380974e+00 7.479794e+00
      vertex   2.800000e+01 -9.913805e+00 6.757834e+00
      vertex   2.800000e+01 -9.380974e+00 7.479794e+00
    endloop
  endfacet
  facet normal -1.937887e-16 -7.579717e-01 6.522874e-01
    outer loop
      vertex   2.000000e+01 -9.380974e+00 7.479794e+00
      vertex   2.800000e+01 -9.380974e+00 7.479794e+00
      vertex   2.000000e+01 -8.795682e+00 8.159916e+00
    endloop
  endfacet
  facet normal -2.662072e-16 -7.579717e-01 6.522874e-01
    outer loop
      vertex   2.000000e+01 -8.795682e+00 8.159916e+00
      vertex   2.800000e+01 -9.380974e+00 7.479794e+00
      vertex   2.800000e+01 -8.795682e+00 8.159916e+00
    endloop
  endfacet
  facet normal -3.140185e-16 -7.071068e-01 7.071068e-01
    outer loop
      vertex   2.000000e+01 -8.795682e+00 8.159916e+00
      vertex   2.800000e+01 -8.795682e+00 8.159916e+00
      vertex   2.000000e+01 -8.161200e+00 8.794398e+00
    endloop
  endfacet
  facet normal -1.570092e-16 -7.071068e-01 7.071068e-01
    outer loop
      vertex   2.000000e+01 -8.161200e+00 8.794398e+00
      vertex   2.800000e+01 -8.795682e+00 8.159916e+00
      vertex   2.800000e+01 -8.161200e+00 8.794398e+00
    endloop
  endfacet
  facet normal -1.683035e-16 -6.522874e-01 7.579717e-01
    outer loop
      vertex   2.000000e+01 -8.161200e+00 8.794398e+00
      vertex   2.800000e+01 -8.161200e+00 8.794398e+00
      vertex   2.000000e+01 -7.481077e+00 9.379691e+00
    endloop
  endfacet
  facet normal -5.283772e-16 -6.522874e-01 7.579717e-01
    outer loop
      vertex   2.000000e+01 -7.481077e+00 9.379691e+00
      vertex   2.800000e+01 -8.161200e+00 8.794398e+00
      vertex   2.800000e+01 -7.481077e+00 9.379691e+00
    endloop
  endfacet
  facet normal -5.827718e-16 -5.938202e-01 8.045978e-01
    outer loop
      vertex   2.000000e+01 -7.481077e+00 9.379691e+00
      vertex   2.800000e+01 -7.481077e+00 9.379691e+00
      vertex   2.000000e+01 -6.759118e+00 9.912521e+00
    endloop
  endfacet
  facet normal -2.767677e-17 -5.938202e-01 8.045978e-01
    outer loop
      vertex   2.000000e+01 -6.759118e+00 9.912521e+00
      vertex   2.800000e+01 -7.481077e+00 9.379691e+00
      vertex   2.800000e+01 -6.759118e+00 9.912521e+00
    endloop
  endfacet
  facet normal -8.068395e-17 -5.320321e-01 8.467242e-01
    outer loop
      vertex   2.000000e+01 -6.759118e+00 9.912521e+00
      vertex   2.800000e+01 -6.759118e+00 9.912521e+00
      vertex   2.000000e+01 -5.999358e+00 1.038991e+01
    endloop
  endfacet
  facet normal -1.397514e-16 -5.320321e-01 8.467242e-01
    outer loop
      vertex   2.000000e+01 -5.999358e+00 1.038991e+01
      vertex   2.800000e+01 -6.759118e+00 9.912521e+00
      vertex   2.800000e+01 -5.999358e+00 1.038991e+01
    endloop
  endfacet
  facet normal -1.851171e-16 -4.672686e-01 8.841154e-01
    outer loop
      vertex   2.000000e+01 -5.999358e+00 1.038991e+01
      vertex   2.800000e+01 -5.999358e+00 1.038991e+01
      vertex   2.000000e+01 -5.206048e+00 1.080919e+01
    endloop
  endfacet
  facet normal -1.963131e-16 -4.672686e-01 8.841154e-01
    outer loop
      vertex   2.000000e+01 -5.206048e+00 1.080919e+01
      vertex   2.800000e+01 -5.999358e+00 1.038991e+01
      vertex   2.800000e+01 -5.206048e+00 1.080919e+01
    endloop
  endfacet
  facet normal -2.035177e-16 -3.998920e-01 9.165623e-01
    outer loop
      vertex   2.000000e+01 -5.206048e+00 1.080919e+01
      vertex   2.800000e+01 -5.206048e+00 1.080919e+01
      vertex   2.000000e+01 -4.383623e+00 1.116801e+01
    endloop
  endfacet
  facet normal -2.738446e-16 -3.998920e-01 9.165623e-01
    outer loop
      vertex   2.000000e+01 -4.383623e+00 1.116801e+01
      vertex   2.800000e+01 -5.206048e+00 1.080919e+01
      vertex   2.800000e+01 -4.383623e+00 1.116801e+01
    endloop
  endfacet
  facet normal -3.091634e-16 -3.302791e-01 9.438833e-01
    outer loop
      vertex   2.000000e+01 -4.383623e+00 1.116801e+01
      vertex   2.800000e+01 -4.383623e+00 1.116801e+01
      vertex   2.000000e+01 -3.536684e+00 1.146436e+01
    endloop
  endfacet
  facet normal -1.110832e-15 -3.302791e-01 9.438833e-01
    outer loop
      vertex   2.000000e+01 -3.536684e+00 1.146436e+01
      vertex   2.800000e+01 -4.383623e+00 1.116801e+01
      vertex   2.800000e+01 -3.536684e+00 1.146436e+01
    endloop
  endfacet
  facet normal -1.171933e-15 -2.588190e-01 9.659258e-01
    outer loop
      vertex   2.000000e+01 -3.536684e+00 1.146436e+01
      vertex   2.800000e+01 -3.536684e+00 1.146436e+01
      vertex   2.000000e+01 -2.669966e+00 1.169660e+01
    endloop
  endfacet
  facet normal -2.996511e-16 -2.588190e-01 9.659258e-01
    outer loop
      vertex   2.000000e+01 -2.669966e+00 1.169660e+01
      vertex   2.800000e+01 -3.536684e+00 1.146436e+01
      vertex   2.800000e+01 -2.669966e+00 1.169660e+01
    endloop
  endfacet
  facet normal -3.434657e-16 -1.859116e-01 9.825665e-01
    outer loop
      vertex   2.000000e+01 -2.669966e+00 1.169660e+01
      vertex   2.800000e+01 -2.669966e+00 1.169660e+01
      vertex   2.000000e+01 -1.788316e+00 1.186342e+01
    endloop
  endfacet
  facet normal -3.434657e-16 -1.859116e-01 9.825665e-01
    outer loop
      vertex   2.000000e+01 -1.788316e+00 1.186342e+01
      vertex   2.800000e+01 -2.669966e+00 1.169660e+01
      vertex   2.800000e+01 -1.788316e+00 1.186342e+01
    endloop
  endfacet
  facet normal -3.853594e-16 -1.119645e-01 9.937122e-01
    outer loop
      vertex   2.000000e+01 -1.788316e+00 1.186342e+01
      vertex   2.800000e+01 -1.788316e+00 1.186342e+01
      vertex   2.000000e+01 -8.966652e-01 1.196388e+01
    endloop
  endfacet
  facet normal -3.853594e-16 -1.119645e-01 9.937122e-01
    outer loop
      vertex   2.000000e+01 -8.966652e-01 1.196388e+01
      vertex   2.800000e+01 -1.788316e+00 1.186342e+01
      vertex   2.800000e+01 -8.966652e-01 1.196388e+01
    endloop
  endfacet
  facet normal -4.250980e-16 -3.739119e-02 9.993007e-01
    outer loop
      vertex   2.000000e+01 -8.966652e-01 1.196388e+01
      vertex   2.800000e+01 -8.966652e-01 1.196388e+01
      vertex   2.000000e+01 -1.469419e-15 1.199743e+01
    endloop
  endfacet
  facet normal 0.000000e+00 -3.739119e-02 9.993007e-01
    outer loop
      vertex   2.000000e+01 -1.469419e-15 1.199743e+01
      vertex   2.800000e+01 -8.966652e-01 1.196388e+01
      vertex   3.600000e+01 -8.966652e-01 1.196388e+01
    endloop
  endfacet
  facet normal 0.000000e+00 -3.739119e-02 9.993007e-01
    outer loop
      vertex   2.000000e+01 -1.469419e-15 1.199743e+01
      vertex   3.600000e+01 -8.966652e-01 1.196388e+01
      vertex   4.400000e+01 -8.966652e-01 1.196388e+01
    endloop
  endfacet
  facet normal 0.000000e+00 -1.119645e-01 9.937122e-01
    outer loop
      vertex   4.400000e+01 -8.966652e-01 1.196388e+01
      vertex   3.600000e+01 -8.966652e-01 1.196388e+01
      vertex   4.400000e+01 -1.788316e+00 1.186342e+01
    endloop
  endfacet
  facet normal 0.000000e+00 -1.119645e-01 9.937122e-01
    outer loop
      vertex   4.400000e+01 -8.966652e-01 1.196388e+01
      vertex   4.400000e+01 -1.788316e+00 1.186342e+01
      vertex   5.200000e+01 -1.788316e+00 1.186342e+01
    endloop
  endfacet
  facet normal 0.000000e+00 -1.859116e-01 9.825665e-01
    outer loop
      vertex   5.200000e+01 -1.788316e+00 1.186342e+01
      vertex   4.400000e+01 -1.788316e+00 1.186342e+01
      vertex   5.200000e+01 -2.669966e+00 1.169660e+01
    endloop
  endfacet
  facet normal 0.000000e+00 -1.859116e-01 9.825665e-01
    outer loop
      vertex   5.200000e+01 -1.788316e+00 1.186342e+01
      vertex   5.200000e+01 -2.669966e+00 1.169660e+01
      vertex   6.000000e+01 -2.669966e+00 1.169660e+01
    endloop
  endfacet
  facet normal 0.000000e+00 -2.588190e-01 9.659258e-01
    outer loop
      vertex   6.000000e+01 -2.669966e+00 1.169660e+01
      vertex   5.200000e+01 -2.669966e+00 1.169660e+01
      vertex   6.000000e+01 -3.536684e+00 1.146436e+01
    endloop
  endfacet
  facet normal 2.435940e-16 -2.588190e-01 -9.659258e-01
    outer loop
      vertex   2.000000e+01 -3.536684e+00 -1.146693e+01
      vertex   2.000000e+01 -2.669966e+00 -1.169917e+01
      vertex   2.800000e+01 -2.669966e+00 -1.169917e+01
    endloop
  endfacet
  facet normal 3.021850e-16 -1.859116e-01 -9.825665e-01
    outer loop
      vertex   2.800000e+01 -2.669966e+00 -1.169917e+01
      vertex   2.000000e+01 -2.669966e+00 -1.169917e+01
      vertex   2.800000e+01 -1.788316e+00 -1.186598e+01
    endloop
  endfacet
  facet normal 0.000000e+00 -1.859116e-01 -9.825665e-01
    outer loop
      vertex   2.800000e+01 -2.669966e+00 -1.169917e+01
      vertex   2.800000e+01 -1.788316e+00 -1.186598e+01
      vertex   3.600000e+01 -1.788316e+00 -1.186598e+01
    endloop
  endfacet
  facet normal -0.000000e+00 -1.119645e-01 -9.937122e-01
    outer loop
      vertex   3.600000e+01 -1.788316e+00 -1.186598e+01
      vertex   2.800000e+01 -1.788316e+00 -1.186598e+01
      vertex   3.600000e+01 -8.966652e-01 -1.196645e+01
    endloop
  endfacet
  facet normal 0.000000e+00 -1.119645e-01 -9.937122e-01
    outer loop
      vertex   3.600000e+01 -1.788316e+00 -1.186598e+01
      vertex   3.600000e+01 -8.966652e-01 -1.196645e+01
      vertex   4.400000e+01 -8.966652e-01 -1.196645e+01
    endloop
  endfacet
  facet normal -0.000000e+00 -3.739119e-02 -9.993007e-01
    outer loop
      vertex   4.400000e+01 -8.966652e-01 -1.196645e+01
      vertex   3.600000e+01 -8.966652e-01 -1.196645e+01
      vertex   2.000000e+01 0.000000e+00 -1.200000e+01
    endloop
  endfacet
  facet normal 0.000000e+00 -3.739119e-02 -9.993007e-01
    outer loop
      vertex   4.400000e+01 -8.966652e-01 -1.196645e+01
      vertex   2.000000e+01 0.000000e+00 -1.200000e+01
      vertex   6.800000e+01 0.000000e+00 -1.200000e+01
    endloop
  endfacet
  facet normal 8.506459e-17 -1.859116e-01 -9.825665e-01
    outer loop
      vertex   2.000000e+01 -2.669966e+00 -1.169917e+01
      vertex   2.000000e+01 -1.788316e+00 -1.186598e+01
      vertex   2.800000e+01 -1.788316e+00 -1.186598e+01
    endloop
  endfacet
  facet normal 1.398498e-16 -1.119645e-01 -9.937122e-01
    outer loop
      vertex   2.800000e+01 -1.788316e+00 -1.186598e+01
      vertex   2.000000e+01 -1.788316e+00 -1.186598e+01
      vertex   2.800000e+01 -8.966652e-01 -1.196645e+01
    endloop
  endfacet
  facet normal 0.000000e+00 -1.119645e-01 -9.937122e-01
    outer loop
      vertex   2.800000e+01 -1.788316e+00 -1.186598e+01
      vertex   2.800000e+01 -8.966652e-01 -1.196645e+01
      vertex   3.600000e+01 -8.966652e-01 -1.196645e+01
    endloop
  endfacet
  facet normal -0.000000e+00 -3.739119e-02 -9.993007e-01
    outer loop
      vertex   3.600000e+01 -8.966652e-01 -1.196645e+01
      vertex   2.800000e+01 -8.966652e-01 -1.196645e+01
      vertex   2.000000e+01 0.000000e+00 -1.200000e+01
    endloop
  endfacet
  facet normal 1.372633e-16 -1.119645e-01 -9.937122e-01
    outer loop
      vertex   2.000000e+01 -1.788316e+00 -1.186598e+01
      vertex   2.000000e+01 -8.966652e-01 -1.196645e+01
      vertex   2.800000e+01 -8.966652e-01 -1.196645e+01
    endloop
  endfacet
  facet normal 1.938683e-16 -3.739119e-02 -9.993007e-01
    outer loop
      vertex   2.800000e+01 -8.966652e-01 -1.196645e+01
      vertex   2.000000e+01 -8.966652e-01 -1.196645e+01
      vertex   2.000000e+01 0.000000e+00 -1.200000e+01
    endloop
  endfacet
  facet normal 3.866572e-16 -1.119645e-01 9.937122e-01
    outer loop
      vertex   6.800000e+01 -1.788316e+00 1.186342e+01
      vertex   6.800000e+01 -8.966652e-01 1.196388e+01
      vertex   6.000000e+01 -8.966652e-01 1.196388e+01
    endloop
  endfacet
  facet normal 4.250980e-16 -3.739119e-02 9.993007e-01
    outer loop
      vertex   6.000000e+01 -8.966652e-01 1.196388e+01
      vertex   6.800000e+01 -8.966652e-01 1.196388e+01
      vertex   6.800000e+01 -1.469419e-15 1.199743e+01
    endloop
  endfacet
  facet normal 0.000000e+00 -1.119645e-01 9.937122e-01
    outer loop
      vertex   3.600000e+01 -8.966652e-01 1.196388e+01
      vertex   2.800000e+01 -8.966652e-01 1.196388e+01
      vertex   3.600000e+01 -1.788316e+00 1.186342e+01
    endloop
  endfacet
  facet normal 0.000000e+00 -1.119645e-01 9.937122e-01
    outer loop
      vertex   3.600000e+01 -1.788316e+00 1.186342e+01
      vertex   2.800000e+01 -8.966652e-01 1.196388e+01
      vertex   2.800000e+01 -1.788316e+00 1.186342e+01
    endloop
  endfacet
  facet normal 0.000000e+00 -1.859116e-01 9.825665e-01
    outer loop
      vertex   3.600000e+01 -1.788316e+00 1.186342e+01
      vertex   2.800000e+01 -1.788316e+00 1.186342e+01
      vertex   3.600000e+01 -2.669966e+00 1.169660e+01
    endloop
  endfacet
  facet normal 0.000000e+00 -1.859116e-01 9.825665e-01
    outer loop
      vertex   3.600000e+01 -2.669966e+00 1.169660e+01
      vertex   2.800000e+01 -1.788316e+00 1.186342e+01
      vertex   2.800000e+01 -2.669966e+00 1.169660e+01
    endloop
  endfacet
  facet normal 0.000000e+00 -2.588190e-01 9.659258e-01
    outer loop
      vertex   3.600000e+01 -2.669966e+00 1.169660e+01
      vertex   2.800000e+01 -2.669966e+00 1.169660e+01
      vertex   3.600000e+01 -3.536684e+00 1.146436e+01
    endloop
  endfacet
  facet normal 0.000000e+00 -2.588190e-01 9.659258e-01
    outer loop
      vertex   3.600000e+01 -3.536684e+00 1.146436e+01
      vertex   2.800000e+01 -2.669966e+00 1.169660e+01
      vertex   2.800000e+01 -3.536684e+00 1.146436e+01
    endloop
  endfacet
  facet normal 0.000000e+00 -3.302791e-01 9.438833e-01
    outer loop
      vertex   3.600000e+01 -3.536684e+00 1.146436e+01
      vertex   2.800000e+01 -3.536684e+00 1.146436e+01
      vertex   3.600000e+01 -4.383623e+00 1.116801e+01
    endloop
  endfacet
  facet normal 0.000000e+00 -3.302791e-01 9.438833e-01
    outer loop
      vertex   3.600000e+01 -4.383623e+00 1.116801e+01
      vertex   2.800000e+01 -3.536684e+00 1.146436e+01
      vertex   2.800000e+01 -4.383623e+00 1.116801e+01
    endloop
  endfacet
  facet normal 0.000000e+00 -3.998920e-01 9.165623e-01
    outer loop
      vertex   3.600000e+01 -4.383623e+00 1.116801e+01
      vertex   2.800000e+01 -4.383623e+00 1.116801e+01
      vertex   3.600000e+01 -5.206048e+00 1.080919e+01
    endloop
  endfacet
  facet normal 0.000000e+00 -3.998920e-01 9.165623e-01
    outer loop
      vertex   3.600000e+01 -5.206048e+00 1.080919e+01
      vertex   2.800000e+01 -4.383623e+00 1.116801e+01
      vertex   2.800000e+01 -5.206048e+00 1.080919e+01
    endloop
  endfacet
  facet normal 0.000000e+00 -4.672686e-01 8.841154e-01
    outer loop
      vertex   3.600000e+01 -5.206048e+00 1.080919e+01
      vertex   2.800000e+01 -5.206048e+00 1.080919e+01
      vertex   3.600000e+01 -5.999358e+00 1.038991e+01
    endloop
  endfacet
  facet normal 0.000000e+00 -4.672686e-01 8.841154e-01
    outer loop
      vertex   3.600000e+01 -5.999358e+00 1.038991e+01
      vertex   2.800000e+01 -5.206048e+00 1.080919e+01
      vertex   2.800000e+01 -5.999358e+00 1.038991e+01
    endloop
  endfacet
  facet normal 0.000000e+00 -5.320321e-01 8.467242e-01
    outer loop
      vertex   3.600000e+01 -5.999358e+00 1.038991e+01
      vertex   2.800000e+01 -5.999358e+00 1.038991e+01
      vertex   3.600000e+01 -6.759118e+00 9.912521e+00
    endloop
  endfacet
  facet normal 0.000000e+00 -5.320321e-01 8.467242e-01
    outer loop
      vertex   3.600000e+01 -6.759118e+00 9.912521e+00
      vertex   2.800000e+01 -5.999358e+00 1.038991e+01
      vertex   2.800000e+01 -6.759118e+00 9.912521e+00
    endloop
  endfacet
  facet normal 0.000000e+00 -5.938202e-01 8.045978e-01
    outer loop
      vertex   3.600000e+01 -6.759118e+00 9.912521e+00
      vertex   2.800000e+01 -6.759118e+00 9.912521e+00
      vertex   3.600000e+01 -7.481077e+00 9.379691e+00
    endloop
  endfacet
  facet normal 0.000000e+00 -5.938202e-01 8.045978e-01
    outer loop
      vertex   3.600000e+01 -7.481077e+00 9.379691e+00
      vertex   2.800000e+01 -6.759118e+00 9.912521e+00
      vertex   2.800000e+01 -7.481077e+00 9.379691e+00
    endloop
  endfacet
  facet normal 0.000000e+00 -6.522874e-01 7.579717e-01
    outer loop
      vertex   3.600000e+01 -7.481077e+00 9.379691e+00
      vertex   2.800000e+01 -7.481077e+00 9.379691e+00
      vertex   3.600000e+01 -8.161200e+00 8.794398e+00
    endloop
  endfacet
  facet normal 0.000000e+00 -6.522874e-01 7.579717e-01
    outer loop
      vertex   3.600000e+01 -8.161200e+00 8.794398e+00
      vertex   2.800000e+01 -7.481077e+00 9.379691e+00
      vertex   2.800000e+01 -8.161200e+00 8.794398e+00
    endloop
  endfacet
  facet normal 0.000000e+00 -7.071068e-01 7.071068e-01
    outer loop
      vertex   3.600000e+01 -8.161200e+00 8.794398e+00
      vertex   2.800000e+01 -8.161200e+00 8.794398e+00
      vertex   3.600000e+01 -8.795682e+00 8.159916e+00
    endloop
  endfacet
  facet normal 0.000000e+00 -7.071068e-01 7.071068e-01
    outer loop
      vertex   3.600000e+01 -8.795682e+00 8.159916e+00
      vertex   2.800000e+01 -8.161200e+00 8.794398e+00
      vertex   2.800000e+01 -8.795682e+00 8.159916e+00
    endloop
  endfacet
  facet normal 0.000000e+00 -7.579717e-01 6.522874e-01
    outer loop
      vertex   3.600000e+01 -8.795682e+00 8.159916e+00
      vertex   2.800000e+01 -8.795682e+00 8.159916e+00
      vertex   3.600000e+01 -9.380974e+00 7.479794e+00
    endloop
  endfacet
  facet normal 0.000000e+00 -7.579717e-01 6.522874e-01
    outer loop
      vertex   3.600000e+01 -9.380974e+00 7.479794e+00
      vertex   2.800000e+01 -8.795682e+00 8.159916e+00
      vertex   2.800000e+01 -9.380974e+00 7.479794e+00
    endloop
  endfacet
  facet normal 0.000000e+00 -8.045978e-01 5.938202e-01
    outer loop
      vertex   3.600000e+01 -9.380974e+00 7.479794e+00
      vertex   2.800000e+01 -9.380974e+00 7.479794e+00
      vertex   3.600000e+01 -9.913805e+00 6.757834e+00
    endloop
  endfacet
  facet normal 0.000000e+00 -8.045978e-01 5.938202e-01
    outer loop
      vertex   3.600000e+01 -9.913805e+00 6.757834e+00
      vertex   2.800000e+01 -9.380974e+00 7.479794e+00
      vertex   2.800000e+01 -9.913805e+00 6.757834e+00
    endloop
  endfacet
  facet normal 0.000000e+00 -8.467242e-01 5.320321e-01
    outer loop
      vertex   3.600000e+01 -9.913805e+00 6.757834e+00
      vertex   2.800000e+01 -9.913805e+00 6.757834e+00
      vertex   3.600000e+01 -1.039119e+01 5.998075e+00
    endloop
  endfacet
  facet normal 0.000000e+00 -8.467242e-01 5.320321e-01
    outer loop
      vertex   3.600000e+01 -1.039119e+01 5.998075e+00
      vertex   2.800000e+01 -9.913805e+00 6.757834e+00
      vertex   2.800000e+01 -1.039119e+01 5.998075e+00
    endloop
  endfacet
  facet normal 0.000000e+00 -8.841154e-01 4.672686e-01
    outer loop
      vertex   3.600000e+01 -1.039119e+01 5.998075e+00
      vertex   2.800000e+01 -1.039119e+01 5.998075e+00
      vertex   3.600000e+01 -1.081047e+01 5.204764e+00
    endloop
  endfacet
  facet normal 0.000000e+00 -8.841154e-01 4.672686e-01
    outer loop
      vertex   3.600000e+01 -1.081047e+01 5.204764e+00
      vertex   2.800000e+01 -1.039119e+01 5.998075e+00
      vertex   2.800000e+01 -1.081047e+01 5.204764e+00
    endloop
  endfacet
  facet normal 0.000000e+00 -9.165623e-01 3.998920e-01
    outer loop
      vertex   3.600000e+01 -1.081047e+01 5.204764e+00
      vertex   2.800000e+01 -1.081047e+01 5.204764e+00
      vertex   3.600000e+01 -1.116929e+01 4.382340e+00
    endloop
  endfacet
  facet normal 0.000000e+00 -9.165623e-01 3.998920e-01
    outer loop
      vertex   3.600000e+01 -1.116929e+01 4.382340e+00
      vertex   2.800000e+01 -1.081047e+01 5.204764e+00
      vertex   2.800000e+01 -1.116929e+01 4.382340e+00
    endloop
  endfacet
  facet normal 0.000000e+00 -9.438833e-01 3.302791e-01
    outer loop
      vertex   3.600000e+01 -1.116929e+01 4.382340e+00
      vertex   2.800000e+01 -1.116929e+01 4.382340e+00
      vertex   3.600000e+01 -1.146565e+01 3.535400e+00
    endloop
  endfacet
  facet normal 0.000000e+00 -9.438833e-01 3.302791e-01
    outer loop
      vertex   3.600000e+01 -1.146565e+01 3.535400e+00
      vertex   2.800000e+01 -1.116929e+01 4.382340e+00
      vertex   2.800000e+01 -1.146565e+01 3.535400e+00
    endloop
  endfacet
  facet normal 0.000000e+00 -9.659258e-01 2.588190e-01
    outer loop
      vertex   3.600000e+01 -1.146565e+01 3.535400e+00
      vertex   2.800000e+01 -1.146565e+01 3.535400e+00
      vertex   3.600000e+01 -1.169788e+01 2.668682e+00
    endloop
  endfacet
  facet normal 0.000000e+00 -9.659258e-01 2.588190e-01
    outer loop
      vertex   3.600000e+01 -1.169788e+01 2.668682e+00
      vertex   2.800000e+01 -1.146565e+01 3.535400e+00
      vertex   2.800000e+01 -1.169788e+01 2.668682e+00
    endloop
  endfacet
  facet normal 0.000000e+00 -9.825665e-01 1.859116e-01
    outer loop
      vertex   3.600000e+01 -1.169788e+01 2.668682e+00
      vertex   2.800000e+01 -1.169788e+01 2.668682e+00
      vertex   3.600000e+01 -1.186470e+01 1.787032e+00
    endloop
  endfacet
  facet normal 0.000000e+00 -9.825665e-01 1.859116e-01
    outer loop
      vertex   3.600000e+01 -1.186470e+01 1.787032e+00
      vertex   2.800000e+01 -1.169788e+01 2.668682e+00
      vertex   2.800000e+01 -1.186470e+01 1.787032e+00
    endloop
  endfacet
  facet normal 0.000000e+00 -9.937122e-01 1.119645e-01
    outer loop
      vertex   3.600000e+01 -1.186470e+01 1.787032e+00
      vertex   2.800000e+01 -1.186470e+01 1.787032e+00
      vertex   3.600000e+01 -1.196517e+01 8.953817e-01
    endloop
  endfacet
  facet normal 0.000000e+00 -9.937122e-01 1.119645e-01
    outer loop
      vertex   3.600000e+01 -1.196517e+01 8.953817e-01
      vertex   2.800000e+01 -1.186470e+01 1.787032e+00
      vertex   2.800000e+01 -1.196517e+01 8.953817e-01
    endloop
  endfacet
  facet normal 0.000000e+00 -9.993007e-01 3.739119e-02
    outer loop
      vertex   3.600000e+01 -1.196517e+01 8.953817e-01
      vertex   2.800000e+01 -1.196517e+01 8.953817e-01
      vertex   3.600000e+01 -1.199872e+01 -1.283549e-03
    endloop
  endfacet
  facet normal 0.000000e+00 -9.993007e-01 3.739119e-02
    outer loop
      vertex   3.600000e+01 -1.199872e+01 -1.283549e-03
      vertex   2.800000e+01 -1.196517e+01 8.953817e-01
      vertex   2.800000e+01 -1.199872e+01 -1.283549e-03
    endloop
  endfacet
  facet normal -0.000000e+00 -9.993007e-01 -3.739119e-02
    outer loop
      vertex   3.600000e+01 -1.199872e+01 -1.283549e-03
      vertex   2.800000e+01 -1.199872e+01 -1.283549e-03
      vertex   3.600000e+01 -1.196517e+01 -8.979488e-01
    endloop
  endfacet
  facet normal -0.000000e+00 -9.993007e-01 -3.739119e-02
    outer loop
      vertex   3.600000e+01 -1.196517e+01 -8.979488e-01
      vertex   2.800000e+01 -1.199872e+01 -1.283549e-03
      vertex   2.800000e+01 -1.196517e+01 -8.979488e-01
    endloop
  endfacet
  facet normal -0.000000e+00 -9.937122e-01 -1.119645e-01
    outer loop
      vertex   3.600000e+01 -1.196517e+01 -8.979488e-01
      vertex   2.800000e+01 -1.196517e+01 -8.979488e-01
      vertex   3.600000e+01 -1.186470e+01 -1.789599e+00
    endloop
  endfacet
  facet normal -0.000000e+00 -9.937122e-01 -1.119645e-01
    outer loop
      vertex   3.600000e+01 -1.186470e+01 -1.789599e+00
      vertex   2.800000e+01 -1.196517e+01 -8.979488e-01
      vertex   2.800000e+01 -1.186470e+01 -1.789599e+00
    endloop
  endfacet
  facet normal -0.000000e+00 -9.825665e-01 -1.859116e-01
    outer loop
      vertex   3.600000e+01 -1.186470e+01 -1.789599e+00
      vertex   2.800000e+01 -1.186470e+01 -1.789599e+00
      vertex   3.600000e+01 -1.169788e+01 -2.671249e+00
    endloop
  endfacet
  facet normal -0.000000e+00 -9.825665e-01 -1.859116e-01
    outer loop
      vertex   3.600000e+01 -1.169788e+01 -2.671249e+00
      vertex   2.800000e+01 -1.186470e+01 -1.789599e+00
      vertex   2.800000e+01 -1.169788e+01 -2.671249e+00
    endloop
  endfacet
  facet normal -0.000000e+00 -9.659258e-01 -2.588190e-01
    outer loop
      vertex   3.600000e+01 -1.169788e+01 -2.671249e+00
      vertex   2.800000e+01 -1.169788e+01 -2.671249e+00
      vertex   3.600000e+01 -1.146565e+01 -3.537967e+00
    endloop
  endfacet
  facet normal -0.000000e+00 -9.659258e-01 -2.588190e-01
    outer loop
      vertex   3.600000e+01 -1.146565e+01 -3.537967e+00
      vertex   2.800000e+01 -1.169788e+01 -2.671249e+00
      vertex   2.800000e+01 -1.146565e+01 -3.537967e+00
    endloop
  endfacet
  facet normal -0.000000e+00 -9.438833e-01 -3.302791e-01
    outer loop
      vertex   3.600000e+01 -1.146565e+01 -3.537967e+00
      vertex   2.800000e+01 -1.146565e+01 -3.537967e+00
      vertex   3.600000e+01 -1.116929e+01 -4.384907e+00
    endloop
  endfacet
  facet normal -0.000000e+00 -9.438833e-01 -3.302791e-01
    outer loop
      vertex   3.600000e+01 -1.116929e+01 -4.384907e+00
      vertex   2.800000e+01 -1.146565e+01 -3.537967e+00
      vertex   2.800000e+01 -1.116929e+01 -4.384907e+00
    endloop
  endfacet
  facet normal -0.000000e+00 -9.165623e-01 -3.998920e-01
    outer loop
      vertex   3.600000e+01 -1.116929e+01 -4.384907e+00
      vertex   2.800000e+01 -1.116929e+01 -4.384907e+00
      vertex   3.600000e+01 -1.081047e+01 -5.207332e+00
    endloop
  endfacet
  facet normal -0.000000e+00 -9.165623e-01 -3.998920e-01
    outer loop
      vertex   3.600000e+01 -1.081047e+01 -5.207332e+00
      vertex   2.800000e+01 -1.116929e+01 -4.384907e+00
      vertex   2.800000e+01 -1.081047e+01 -5.207332e+00
    endloop
  endfacet
  facet normal -0.000000e+00 -8.841154e-01 -4.672686e-01
    outer loop
      vertex   3.600000e+01 -1.081047e+01 -5.207332e+00
      vertex   2.800000e+01 -1.081047e+01 -5.207332e+00
      vertex   3.600000e+01 -1.039119e+01 -6.000642e+00
    endloop
  endfacet
  facet normal -0.000000e+00 -8.841154e-01 -4.672686e-01
    outer loop
      vertex   3.600000e+01 -1.039119e+01 -6.000642e+00
      vertex   2.800000e+01 -1.081047e+01 -5.207332e+00
      vertex   2.800000e+01 -1.039119e+01 -6.000642e+00
    endloop
  endfacet
  facet normal -0.000000e+00 -8.467242e-01 -5.320321e-01
    outer loop
      vertex   3.600000e+01 -1.039119e+01 -6.000642e+00
      vertex   2.800000e+01 -1.039119e+01 -6.000642e+00
      vertex   3.600000e+01 -9.913805e+00 -6.760401e+00
    endloop
  endfacet
  facet normal -0.000000e+00 -8.467242e-01 -5.320321e-01
    outer loop
      vertex   3.600000e+01 -9.913805e+00 -6.760401e+00
      vertex   2.800000e+01 -1.039119e+01 -6.000642e+00
      vertex   2.800000e+01 -9.913805e+00 -6.760401e+00
    endloop
  endfacet
  facet normal -0.000000e+00 -8.045978e-01 -5.938202e-01
    outer loop
      vertex   3.600000e+01 -9.913805e+00 -6.760401e+00
      vertex   2.800000e+01 -9.913805e+00 -6.760401e+00
      vertex   3.600000e+01 -9.380974e+00 -7.482361e+00
    endloop
  endfacet
  facet normal -0.000000e+00 -8.045978e-01 -5.938202e-01
    outer loop
      vertex   3.600000e+01 -9.380974e+00 -7.482361e+00
      vertex   2.800000e+01 -9.913805e+00 -6.760401e+00
      vertex   2.800000e+01 -9.380974e+00 -7.482361e+00
    endloop
  endfacet
  facet normal -0.000000e+00 -7.579717e-01 -6.522874e-01
    outer loop
      vertex   3.600000e+01 -9.380974e+00 -7.482361e+00
      vertex   2.800000e+01 -9.380974e+00 -7.482361e+00
      vertex   3.600000e+01 -8.795682e+00 -8.162483e+00
    endloop
  endfacet
  facet normal -0.000000e+00 -7.579717e-01 -6.522874e-01
    outer loop
      vertex   3.600000e+01 -8.795682e+00 -8.162483e+00
      vertex   2.800000e+01 -9.380974e+00 -7.482361e+00
      vertex   2.800000e+01 -8.795682e+00 -8.162483e+00
    endloop
  endfacet
  facet normal -0.000000e+00 -7.071068e-01 -7.071068e-01
    outer loop
      vertex   3.600000e+01 -8.795682e+00 -8.162483e+00
      vertex   2.800000e+01 -8.795682e+00 -8.162483e+00
      vertex   3.600000e+01 -8.161200e+00 -8.796965e+00
    endloop
  endfacet
  facet normal -0.000000e+00 -7.071068e-01 -7.071068e-01
    outer loop
      vertex   3.600000e+01 -8.161200e+00 -8.796965e+00
      vertex   2.800000e+01 -8.795682e+00 -8.162483e+00
      vertex   2.800000e+01 -8.161200e+00 -8.796965e+00
    endloop
  endfacet
  facet normal -0.000000e+00 -6.522874e-01 -7.579717e-01
    outer loop
      vertex   3.600000e+01 -8.161200e+00 -8.796965e+00
      vertex   2.800000e+01 -8.161200e+00 -8.796965e+00
      vertex   3.600000e+01 -7.481077e+00 -9.382258e+00
    endloop
  endfacet
  facet normal -0.000000e+00 -6.522874e-01 -7.579717e-01
    outer loop
      vertex   3.600000e+01 -7.481077e+00 -9.382258e+00
      vertex   2.800000e+01 -8.161200e+00 -8.796965e+00
      vertex   2.800000e+01 -7.481077e+00 -9.382258e+00
    endloop
  endfacet
  facet normal -0.000000e+00 -5.938202e-01 -8.045978e-01
    outer loop
      vertex   3.600000e+01 -7.481077e+00 -9.382258e+00
      vertex   2.800000e+01 -7.481077e+00 -9.382258e+00
      vertex   3.600000e+01 -6.759118e+00 -9.915088e+00
    endloop
  endfacet
  facet normal -0.000000e+00 -5.938202e-01 -8.045978e-01
    outer loop
      vertex   3.600000e+01 -6.759118e+00 -9.915088e+00
      vertex   2.800000e+01 -7.481077e+00 -9.382258e+00
      vertex   2.800000e+01 -6.759118e+00 -9.915088e+00
    endloop
  endfacet
  facet normal -0.000000e+00 -5.320321e-01 -8.467242e-01
    outer loop
      vertex   3.600000e+01 -6.759118e+00 -9.915088e+00
      vertex   2.800000e+01 -6.759118e+00 -9.915088e+00
      vertex   3.600000e+01 -5.999358e+00 -1.039248e+01
    endloop
  endfacet
  facet normal -0.000000e+00 -5.320321e-01 -8.467242e-01
    outer loop
      vertex   3.600000e+01 -5.999358e+00 -1.039248e+01
      vertex   2.800000e+01 -6.759118e+00 -9.915088e+00
      vertex   2.800000e+01 -5.999358e+00 -1.039248e+01
    endloop
  endfacet
  facet normal -0.000000e+00 -4.672686e-01 -8.841154e-01
    outer loop
      vertex   3.600000e+01 -5.999358e+00 -1.039248e+01
      vertex   2.800000e+01 -5.999358e+00 -1.039248e+01
      vertex   3.600000e+01 -5.206048e+00 -1.081175e+01
    endloop
  endfacet
  facet normal -0.000000e+00 -4.672686e-01 -8.841154e-01
    outer loop
      vertex   3.600000e+01 -5.206048e+00 -1.081175e+01
      vertex   2.800000e+01 -5.999358e+00 -1.039248e+01
      vertex   2.800000e+01 -5.206048e+00 -1.081175e+01
    endloop
  endfacet
  facet normal -0.000000e+00 -3.998920e-01 -9.165623e-01
    outer loop
      vertex   3.600000e+01 -5.206048e+00 -1.081175e+01
      vertex   2.800000e+01 -5.206048e+00 -1.081175e+01
      vertex   3.600000e+01 -4.383623e+00 -1.117057e+01
    endloop
  endfacet
  facet normal -0.000000e+00 -3.998920e-01 -9.165623e-01
    outer loop
      vertex   3.600000e+01 -4.383623e+00 -1.117057e+01
      vertex   2.800000e+01 -5.206048e+00 -1.081175e+01
      vertex   2.800000e+01 -4.383623e+00 -1.117057e+01
    endloop
  endfacet
  facet normal -0.000000e+00 -3.302791e-01 -9.438833e-01
    outer loop
      vertex   3.600000e+01 -4.383623e+00 -1.117057e+01
      vertex   2.800000e+01 -4.383623e+00 -1.117057e+01
      vertex   3.600000e+01 -3.536684e+00 -1.146693e+01
    endloop
  endfacet
  facet normal -0.000000e+00 -3.302791e-01 -9.438833e-01
    outer loop
      vertex   3.600000e+01 -3.536684e+00 -1.146693e+01
      vertex   2.800000e+01 -4.383623e+00 -1.117057e+01
      vertex   2.800000e+01 -3.536684e+00 -1.146693e+01
    endloop
  endfacet
  facet normal -0.000000e+00 -2.588190e-01 -9.659258e-01
    outer loop
      vertex   3.600000e+01 -3.536684e+00 -1.146693e+01
      vertex   2.800000e+01 -3.536684e+00 -1.146693e+01
      vertex   3.600000e+01 -2.669966e+00 -1.169917e+01
    endloop
  endfacet
  facet normal 0.000000e+00 -1.119645e-01 9.937122e-01
    outer loop
      vertex   6.000000e+01 -1.788316e+00 1.186342e+01
      vertex   5.200000e+01 -8.966652e-01 1.196388e+01
      vertex   5.200000e+01 -1.788316e+00 1.186342e+01
    endloop
  endfacet
  facet normal 0.000000e+00 -1.119645e-01 9.937122e-01
    outer loop
      vertex   5.200000e+01 -1.788316e+00 1.186342e+01
      vertex   5.200000e+01 -8.966652e-01 1.196388e+01
      vertex   4.400000e+01 -8.966652e-01 1.196388e+01
    endloop
  endfacet
  facet normal 0.000000e+00 -1.119645e-01 9.937122e-01
    outer loop
      vertex   3.600000e+01 -8.966652e-01 1.196388e+01
      vertex   3.600000e+01 -1.788316e+00 1.186342e+01
      vertex   4.400000e+01 -1.788316e+00 1.186342e+01
    endloop
  endfacet
  facet normal 0.000000e+00 -1.859116e-01 9.825665e-01
    outer loop
      vertex   4.400000e+01 -1.788316e+00 1.186342e+01
      vertex   3.600000e+01 -1.788316e+00 1.186342e+01
      vertex   4.400000e+01 -2.669966e+00 1.169660e+01
    endloop
  endfacet
  facet normal 0.000000e+00 -1.859116e-01 9.825665e-01
    outer loop
      vertex   4.400000e+01 -1.788316e+00 1.186342e+01
      vertex   4.400000e+01 -2.669966e+00 1.169660e+01
      vertex   5.200000e+01 -2.669966e+00 1.169660e+01
    endloop
  endfacet
  facet normal 0.000000e+00 -2.588190e-01 9.659258e-01
    outer loop
      vertex   5.200000e+01 -2.669966e+00 1.169660e+01
      vertex   4.400000e+01 -2.669966e+00 1.169660e+01
      vertex   5.200000e+01 -3.536684e+00 1.146436e+01
    endloop
  endfacet
  facet normal 0.000000e+00 -2.588190e-01 9.659258e-01
    outer loop
      vertex   5.200000e+01 -2.669966e+00 1.169660e+01
      vertex   5.200000e+01 -3.536684e+00 1.146436e+01
      vertex   6.000000e+01 -3.536684e+00 1.146436e+01
    endloop
  endfacet
  facet normal 0.000000e+00 -3.302791e-01 9.438833e-01
    outer loop
      vertex   6.000000e+01 -3.536684e+00 1.146436e+01
      vertex   5.200000e+01 -3.536684e+00 1.146436e+01
      vertex   6.000000e+01 -4.383623e+00 1.116801e+01
    endloop
  endfacet
  facet normal 0.000000e+00 -1.859116e-01 9.825665e-01
    outer loop
      vertex   4.400000e+01 -2.669966e+00 1.169660e+01
      vertex   3.600000e+01 -1.788316e+00 1.186342e+01
      vertex   3.600000e+01 -2.669966e+00 1.169660e+01
    endloop
  endfacet
  facet normal 0.000000e+00 -1.859116e-01 9.825665e-01
    outer loop
      vertex   6.000000e+01 -2.669966e+00 1.169660e+01
      vertex   6.000000e+01 -1.788316e+00 1.186342e+01
      vertex   5.200000e+01 -1.788316e+00 1.186342e+01
    endloop
  endfacet
  facet normal 0.000000e+00 -2.588190e-01 9.659258e-01
    outer loop
      vertex   4.400000e+01 -2.669966e+00 1.169660e+01
      vertex   3.600000e+01 -2.669966e+00 1.169660e+01
      vertex   4.400000e+01 -3.536684e+00 1.146436e+01
    endloop
  endfacet
  facet normal 0.000000e+00 -2.588190e-01 9.659258e-01
    outer loop
      vertex   4.400000e+01 -3.536684e+00 1.146436e+01
      vertex   3.600000e+01 -2.669966e+00 1.169660e+01
      vertex   3.600000e+01 -3.536684e+00 1.146436e+01
    endloop
  endfacet
  facet normal 0.000000e+00 -3.302791e-01 9.438833e-01
    outer loop
      vertex   4.400000e+01 -3.536684e+00 1.146436e+01
      vertex   3.600000e+01 -3.536684e+00 1.146436e+01
      vertex   4.400000e+01 -4.383623e+00 1.116801e+01
    endloop
  endfacet
  facet normal 0.000000e+00 -3.302791e-01 9.438833e-01
    outer loop
      vertex   4.400000e+01 -4.383623e+00 1.116801e+01
      vertex   3.600000e+01 -3.536684e+00 1.146436e+01
      vertex   3.600000e+01 -4.383623e+00 1.116801e+01
    endloop
  endfacet
  facet normal 0.000000e+00 -3.998920e-01 9.165623e-01
    outer loop
      vertex   4.400000e+01 -4.383623e+00 1.116801e+01
      vertex   3.600000e+01 -4.383623e+00 1.116801e+01
      vertex   4.400000e+01 -5.206048e+00 1.080919e+01
    endloop
  endfacet
  facet normal 0.000000e+00 -3.998920e-01 9.165623e-01
    outer loop
      vertex   4.400000e+01 -5.206048e+00 1.080919e+01
      vertex   3.600000e+01 -4.383623e+00 1.116801e+01
      vertex   3.600000e+01 -5.206048e+00 1.080919e+01
    endloop
  endfacet
  facet normal 0.000000e+00 -4.672686e-01 8.841154e-01
    outer loop
      vertex   4.400000e+01 -5.206048e+00 1.080919e+01
      vertex   3.600000e+01 -5.206048e+00 1.080919e+01
      vertex   4.400000e+01 -5.999358e+00 1.038991e+01
    endloop
  endfacet
  facet normal 0.000000e+00 -4.672686e-01 8.841154e-01
    outer loop
      vertex   4.400000e+01 -5.999358e+00 1.038991e+01
      vertex   3.600000e+01 -5.206048e+00 1.080919e+01
      vertex   3.600000e+01 -5.999358e+00 1.038991e+01
    endloop
  endfacet
  facet normal 0.000000e+00 -5.320321e-01 8.467242e-01
    outer loop
      vertex   4.400000e+01 -5.999358e+00 1.038991e+01
      vertex   3.600000e+01 -5.999358e+00 1.038991e+01
      vertex   4.400000e+01 -6.759118e+00 9.912521e+00
    endloop
  endfacet
  facet normal 0.000000e+00 -5.320321e-01 8.467242e-01
    outer loop
      vertex   4.400000e+01 -6.759118e+00 9.912521e+00
      vertex   3.600000e+01 -5.999358e+00 1.038991e+01
      vertex   3.600000e+01 -6.759118e+00 9.912521e+00
    endloop
  endfacet
  facet normal 0.000000e+00 -5.938202e-01 8.045978e-01
    outer loop
      vertex   4.400000e+01 -6.759118e+00 9.912521e+00
      vertex   3.600000e+01 -6.759118e+00 9.912521e+00
      vertex   4.400000e+01 -7.481077e+00 9.379691e+00
    endloop
  endfacet
  facet normal 0.000000e+00 -5.938202e-01 8.045978e-01
    outer loop
      vertex   4.400000e+01 -7.481077e+00 9.379691e+00
      vertex   3.600000e+01 -6.759118e+00 9.912521e+00
      vertex   3.600000e+01 -7.481077e+00 9.379691e+00
    endloop
  endfacet
  facet normal 0.000000e+00 -6.522874e-01 7.579717e-01
    outer loop
      vertex   4.400000e+01 -7.481077e+00 9.379691e+00
      vertex   3.600000e+01 -7.481077e+00 9.379691e+00
      vertex   4.400000e+01 -8.161200e+00 8.794398e+00
    endloop
  endfacet
  facet normal 0.000000e+00 -6.522874e-01 7.579717e-01
    outer loop
      vertex   4.400000e+01 -8.161200e+00 8.794398e+00
      vertex   3.600000e+01 -7.481077e+00 9.379691e+00
      vertex   3.600000e+01 -8.161200e+00 8.794398e+00
    endloop
  endfacet
  facet normal 0.000000e+00 -7.071068e-01 7.071068e-01
    outer loop
      vertex   4.400000e+01 -8.161200e+00 8.794398e+00
      vertex   3.600000e+01 -8.161200e+00 8.794398e+00
      vertex   4.400000e+01 -8.795682e+00 8.159916e+00
    endloop
  endfacet
  facet normal 0.000000e+00 -7.071068e-01 7.071068e-01
    outer loop
      vertex   4.400000e+01 -8.795682e+00 8.159916e+00
      vertex   3.600000e+01 -8.161200e+00 8.794398e+00
      vertex   3.600000e+01 -8.795682e+00 8.159916e+00
    endloop
  endfacet
  facet normal 0.000000e+00 -7.579717e-01 6.522874e-01
    outer loop
      vertex   4.400000e+01 -8.795682e+00 8.159916e+00
      vertex   3.600000e+01 -8.795682e+00 8.159916e+00
      vertex   4.400000e+01 -9.380974e+00 7.479794e+00
    endloop
  endfacet
  facet normal 0.000000e+00 -7.579717e-01 6.522874e-01
    outer loop
      vertex   4.400000e+01 -9.380974e+00 7.479794e+00
      vertex   3.600000e+01 -8.795682e+00 8.159916e+00
      vertex   3.600000e+01 -9.380974e+00 7.479794e+00
    endloop
  endfacet
  facet normal 0.000000e+00 -8.045978e-01 5.938202e-01
    outer loop
      vertex   4.400000e+01 -9.380974e+00 7.479794e+00
      vertex   3.600000e+01 -9.380974e+00 7.479794e+00
      vertex   4.400000e+01 -9.913805e+00 6.757834e+00
    endloop
  endfacet
  facet normal 0.000000e+00 -8.045978e-01 5.938202e-01
    outer loop
      vertex   4.400000e+01 -9.913805e+00 6.757834e+00
      vertex   3.600000e+01 -9.380974e+00 7.479794e+00
      vertex   3.600000e+01 -9.913805e+00 6.757834e+00
    endloop
  endfacet
  facet normal 0.000000e+00 -8.467242e-01 5.320321e-01
    outer loop
      vertex   4.400000e+01 -9.913805e+00 6.757834e+00
      vertex   3.600000e+01 -9.913805e+00 6.757834e+00
      vertex   4.400000e+01 -1.039119e+01 5.998075e+00
    endloop
  endfacet
  facet normal 0.000000e+00 -8.467242e-01 5.320321e-01
    outer loop
      vertex   4.400000e+01 -1.039119e+01 5.998075e+00
      vertex   3.600000e+01 -9.913805e+00 6.757834e+00
      vertex   3.600000e+01 -1.039119e+01 5.998075e+00
    endloop
  endfacet
  facet normal 0.000000e+00 -8.841154e-01 4.672686e-01
    outer loop
      vertex   4.400000e+01 -1.039119e+01 5.998075e+00
      vertex   3.600000e+01 -1.039119e+01 5.998075e+00
      vertex   4.400000e+01 -1.081047e+01 5.204764e+00
    endloop
  endfacet
  facet normal 0.000000e+00 -8.841154e-01 4.672686e-01
    outer loop
      vertex   4.400000e+01 -1.081047e+01 5.204764e+00
      vertex   3.600000e+01 -1.039119e+01 5.998075e+00
      vertex   3.600000e+01 -1.081047e+01 5.204764e+00
    endloop
  endfacet
  facet normal 0.000000e+00 -9.165623e-01 3.998920e-01
    outer loop
      vertex   4.400000e+01 -1.081047e+01 5.204764e+00
      vertex   3.600000e+01 -1.081047e+01 5.204764e+00
      vertex   4.400000e+01 -1.116929e+01 4.382340e+00
    endloop
  endfacet
  facet normal 0.000000e+00 -9.165623e-01 3.998920e-01
    outer loop
      vertex   4.400000e+01 -1.116929e+01 4.382340e+00
      vertex   3.600000e+01 -1.081047e+01 5.204764e+00
      vertex   3.600000e+01 -1.116929e+01 4.382340e+00
    endloop
  endfacet
  facet normal 0.000000e+00 -9.438833e-01 3.302791e-01
    outer loop
      vertex   4.400000e+01 -1.116929e+01 4.382340e+00
      vertex   3.600000e+01 -1.116929e+01 4.382340e+00
      vertex   4.400000e+01 -1.146565e+01 3.535400e+00
    endloop
  endfacet
  facet normal 0.000000e+00 -9.438833e-01 3.302791e-01
    outer loop
      vertex   4.400000e+01 -1.146565e+01 3.535400e+00
      vertex   3.600000e+01 -1.116929e+01 4.382340e+00
      vertex   3.600000e+01 -1.146565e+01 3.535400e+00
    endloop
  endfacet
  facet normal 0.000000e+00 -9.659258e-01 2.588190e-01
    outer loop
      vertex   4.400000e+01 -1.146565e+01 3.535400e+00
      vertex   3.600000e+01 -1.146565e+01 3.535400e+00
      vertex   4.400000e+01 -1.169788e+01 2.668682e+00
    endloop
  endfacet
  facet normal 0.000000e+00 -9.659258e-01 2.588190e-01
    outer loop
      vertex   4.400000e+01 -1.169788e+01 2.668682e+00
      vertex   3.600000e+01 -1.146565e+01 3.535400e+00
      vertex   3.600000e+01 -1.169788e+01 2.668682e+00
    endloop
  endfacet
  facet normal 0.000000e+00 -9.825665e-01 1.859116e-01
    outer loop
      vertex   4.400000e+01 -1.169788e+01 2.668682e+00
      vertex   3.600000e+01 -1.169788e+01 2.668682e+00
      vertex   4.400000e+01 -1.186470e+01 1.787032e+00
    endloop
  endfacet
  facet normal 0.000000e+00 -9.825665e-01 1.859116e-01
    outer loop
      vertex   4.400000e+01 -1.186470e+01 1.787032e+00
      vertex   3.600000e+01 -1.169788e+01 2.668682e+00
      vertex   3.600000e+01 -1.186470e+01 1.787032e+00
    endloop
  endfacet
  facet normal 0.000000e+00 -9.937122e-01 1.119645e-01
    outer loop
      vertex   4.400000e+01 -1.186470e+01 1.787032e+00
      vertex   3.600000e+01 -1.186470e+01 1.787032e+00
      vertex   4.400000e+01 -1.196517e+01 8.953817e-01
    endloop
  endfacet
  facet normal 0.000000e+00 -9.937122e-01 1.119645e-01
    outer loop
      vertex   4.400000e+01 -1.196517e+01 8.953817e-01
      vertex   3.600000e+01 -1.186470e+01 1.787032e+00
      vertex   3.600000e+01 -1.196517e+01 8.953817e-01
    endloop
  endfacet
  facet normal 0.000000e+00 -9.993007e-01 3.739119e-02
    outer loop
      vertex   4.400000e+01 -1.196517e+01 8.953817e-01
      vertex   3.600000e+01 -1.196517e+01 8.953817e-01
      vertex   4.400000e+01 -1.199872e+01 -1.283549e-03
    endloop
  endfacet
  facet normal 0.000000e+00 -9.993007e-01 3.739119e-02
    outer loop
      vertex   4.400000e+01 -1.199872e+01 -1.283549e-03
      vertex   3.600000e+01 -1.196517e+01 8.953817e-01
      vertex   3.600000e+01 -1.199872e+01 -1.283549e-03
    endloop
  endfacet
  facet normal -0.000000e+00 -9.993007e-01 -3.739119e-02
    outer loop
      vertex   4.400000e+01 -1.199872e+01 -1.283549e-03
      vertex   3.600000e+01 -1.199872e+01 -1.283549e-03
      vertex   4.400000e+01 -1.196517e+01 -8.979488e-01
    endloop
  endfacet
  facet normal -0.000000e+00 -9.993007e-01 -3.739119e-02
    outer loop
      vertex   4.400000e+01 -1.196517e+01 -8.979488e-01
      vertex   3.600000e+01 -1.199872e+01 -1.283549e-03
      vertex   3.600000e+01 -1.196517e+01 -8.979488e-01
    endloop
  endfacet
  facet normal -0.000000e+00 -9.937122e-01 -1.119645e-01
    outer loop
      vertex   4.400000e+01 -1.196517e+01 -8.979488e-01
      vertex   3.600000e+01 -1.196517e+01 -8.979488e-01
      vertex   4.400000e+01 -1.186470e+01 -1.789599e+00
    endloop
  endfacet
  facet normal -0.000000e+00 -9.937122e-01 -1.119645e-01
    outer loop
      vertex   4.400000e+01 -1.186470e+01 -1.789599e+00
      vertex   3.600000e+01 -1.196517e+01 -8.979488e-01
      vertex   3.600000e+01 -1.186470e+01 -1.789599e+00
    endloop
  endfacet
  facet normal -0.000000e+00 -9.825665e-01 -1.859116e-01
    outer loop
      vertex   4.400000e+01 -1.186470e+01 -1.789599e+00
      vertex   3.600000e+01 -1.186470e+01 -1.789599e+00
      vertex   4.400000e+01 -1.169788e+01 -2.671249e+00
    endloop
  endfacet
  facet normal -0.000000e+00 -9.825665e-01 -1.859116e-01
    outer loop
      vertex   4.400000e+01 -1.169788e+01 -2.671249e+00
      vertex   3.600000e+01 -1.186470e+01 -1.789599e+00
      vertex   3.600000e+01 -1.169788e+01 -2.671249e+00
    endloop
  endfacet
  facet normal -0.000000e+00 -9.659258e-01 -2.588190e-01
    outer loop
      vertex   4.400000e+01 -1.169788e+01 -2.671249e+00
      vertex   3.600000e+01 -1.169788e+01 -2.671249e+00
      vertex   4.400000e+01 -1.146565e+01 -3.537967e+00
    endloop
  endfacet
  facet normal -0.000000e+00 -9.659258e-01 -2.588190e-01
    outer loop
      vertex   4.400000e+01 -1.146565e+01 -3.537967e+00
      vertex   3.600000e+01 -1.169788e+01 -2.671249e+00
      vertex   3.600000e+01 -1.146565e+01 -3.537967e+00
    endloop
  endfacet
  facet normal -0.000000e+00 -9.438833e-01 -3.302791e-01
    outer loop
      vertex   4.400000e+01 -1.146565e+01 -3.537967e+00
      vertex   3.600000e+01 -1.146565e+01 -3.537967e+00
      vertex   4.400000e+01 -1.116929e+01 -4.384907e+00
    endloop
  endfacet
  facet normal -0.000000e+00 -9.438833e-01 -3.302791e-01
    outer loop
      vertex   4.400000e+01 -1.116929e+01 -4.384907e+00
      vertex   3.600000e+01 -1.146565e+01 -3.537967e+00
      vertex   3.600000e+01 -1.116929e+01 -4.384907e+00
    endloop
  endfacet
  facet normal -0.000000e+00 -9.165623e-01 -3.998920e-01
    outer loop
      vertex   4.400000e+01 -1.116929e+01 -4.384907e+00
      vertex   3.600000e+01 -1.116929e+01 -4.384907e+00
      vertex   4.400000e+01 -1.081047e+01 -5.207332e+00
    endloop
  endfacet
  facet normal -0.000000e+00 -9.165623e-01 -3.998920e-01
    outer loop
      vertex   4.400000e+01 -1.081047e+01 -5.207332e+00
      vertex   3.600000e+01 -1.116929e+01 -4.384907e+00
      vertex   3.600000e+01 -1.081047e+01 -5.207332e+00
    endloop
  endfacet
  facet normal -0.000000e+00 -8.841154e-01 -4.672686e-01
    outer loop
      vertex   4.400000e+01 -1.081047e+01 -5.207332e+00
      vertex   3.600000e+01 -1.081047e+01 -5.207332e+00
      vertex   4.400000e+01 -1.039119e+01 -6.000642e+00
    endloop
  endfacet
  facet normal -0.000000e+00 -8.841154e-01 -4.672686e-01
    outer loop
      vertex   4.400000e+01 -1.039119e+01 -6.000642e+00
      vertex   3.600000e+01 -1.081047e+01 -5.207332e+00
      vertex   3.600000e+01 -1.039119e+01 -6.000642e+00
    endloop
  endfacet
  facet normal -0.000000e+00 -8.467242e-01 -5.320321e-01
    outer loop
      vertex   4.400000e+01 -1.039119e+01 -6.000642e+00
      vertex   3.600000e+01 -1.039119e+01 -6.000642e+00
      vertex   4.400000e+01 -9.913805e+00 -6.760401e+00
    endloop
  endfacet
  facet normal -0.000000e+00 -8.467242e-01 -5.320321e-01
    outer loop
      vertex   4.400000e+01 -9.913805e+00 -6.760401e+00
      vertex   3.600000e+01 -1.039119e+01 -6.000642e+00
      vertex   3.600000e+01 -9.913805e+00 -6.760401e+00
    endloop
  endfacet
  facet normal -0.000000e+00 -8.045978e-01 -5.938202e-01
    outer loop
      vertex   4.400000e+01 -9.913805e+00 -6.760401e+00
      vertex   3.600000e+01 -9.913805e+00 -6.760401e+00
      vertex   4.400000e+01 -9.380974e+00 -7.482361e+00
    endloop
  endfacet
  facet normal -0.000000e+00 -8.045978e-01 -5.938202e-01
    outer loop
      vertex   4.400000e+01 -9.380974e+00 -7.482361e+00
      vertex   3.600000e+01 -9.913805e+00 -6.760401e+00
      vertex   3.600000e+01 -9.380974e+00 -7.482361e+00
    endloop
  endfacet
  facet normal -0.000000e+00 -7.579717e-01 -6.522874e-01
    outer loop
      vertex   4.400000e+01 -9.380974e+00 -7.482361e+00
      vertex   3.600000e+01 -9.380974e+00 -7.482361e+00
      vertex   4.400000e+01 -8.795682e+00 -8.162483e+00
    endloop
  endfacet
  facet normal -0.000000e+00 -7.579717e-01 -6.522874e-01
    outer loop
      vertex   4.400000e+01 -8.795682e+00 -8.162483e+00
      vertex   3.600000e+01 -9.380974e+00 -7.482361e+00
      vertex   3.600000e+01 -8.795682e+00 -8.162483e+00
    endloop
  endfacet
  facet normal -0.000000e+00 -7.071068e-01 -7.071068e-01
    outer loop
      vertex   4.400000e+01 -8.795682e+00 -8.162483e+00
      vertex   3.600000e+01 -8.795682e+00 -8.162483e+00
      vertex   4.400000e+01 -8.161200e+00 -8.796965e+00
    endloop
  endfacet
  facet normal -0.000000e+00 -7.071068e-01 -7.071068e-01
    outer loop
      vertex   4.400000e+01 -8.161200e+00 -8.796965e+00
      vertex   3.600000e+01 -8.795682e+00 -8.162483e+00
      vertex   3.600000e+01 -8.161200e+00 -8.796965e+00
    endloop
  endfacet
  facet normal -0.000000e+00 -6.522874e-01 -7.579717e-01
    outer loop
      vertex   4.400000e+01 -8.161200e+00 -8.796965e+00
      vertex   3.600000e+01 -8.161200e+00 -8.796965e+00
      vertex   4.400000e+01 -7.481077e+00 -9.382258e+00
    endloop
  endfacet
  facet normal -0.000000e+00 -6.522874e-01 -7.579717e-01
    outer loop
      vertex   4.400000e+01 -7.481077e+00 -9.382258e+00
      vertex   3.600000e+01 -8.161200e+00 -8.796965e+00
      vertex   3.600000e+01 -7.481077e+00 -9.382258e+00
    endloop
  endfacet
  facet normal -0.000000e+00 -5.938202e-01 -8.045978e-01
    outer loop
      vertex   4.400000e+01 -7.481077e+00 -9.382258e+00
      vertex   3.600000e+01 -7.481077e+00 -9.382258e+00
      vertex   4.400000e+01 -6.759118e+00 -9.915088e+00
    endloop
  endfacet
  facet normal -0.000000e+00 -5.938202e-01 -8.045978e-01
    outer loop
      vertex   4.400000e+01 -6.759118e+00 -9.915088e+00
      vertex   3.600000e+01 -7.481077e+00 -9.382258e+00
      vertex   3.600000e+01 -6.759118e+00 -9.915088e+00
    endloop
  endfacet
  facet normal -0.000000e+00 -5.320321e-01 -8.467242e-01
    outer loop
      vertex   4.400000e+01 -6.759118e+00 -9.915088e+00
      vertex   3.600000e+01 -6.759118e+00 -9.915088e+00
      vertex   4.400000e+01 -5.999358e+00 -1.039248e+01
    endloop
  endfacet
  facet normal -0.000000e+00 -5.320321e-01 -8.467242e-01
    outer loop
      vertex   4.400000e+01 -5.999358e+00 -1.039248e+01
      vertex   3.600000e+01 -6.759118e+00 -9.915088e+00
      vertex   3.600000e+01 -5.999358e+00 -1.039248e+01
    endloop
  endfacet
  facet normal -0.000000e+00 -4.672686e-01 -8.841154e-01
    outer loop
      vertex   4.400000e+01 -5.999358e+00 -1.039248e+01
      vertex   3.600000e+01 -5.999358e+00 -1.039248e+01
      vertex   4.400000e+01 -5.206048e+00 -1.081175e+01
    endloop
  endfacet
  facet normal -0.000000e+00 -4.672686e-01 -8.841154e-01
    outer loop
      vertex   4.400000e+01 -5.206048e+00 -1.081175e+01
      vertex   3.600000e+01 -5.999358e+00 -1.039248e+01
      vertex   3.600000e+01 -5.206048e+00 -1.081175e+01
    endloop
  endfacet
  facet normal -0.000000e+00 -3.998920e-01 -9.165623e-01
    outer loop
      vertex   4.400000e+01 -5.206048e+00 -1.081175e+01
      vertex   3.600000e+01 -5.206048e+00 -1.081175e+01
      vertex   4.400000e+01 -4.383623e+00 -1.117057e+01
    endloop
  endfacet
  facet normal -0.000000e+00 -3.998920e-01 -9.165623e-01
    outer loop
      vertex   4.400000e+01 -4.383623e+00 -1.117057e+01
      vertex   3.600000e+01 -5.206048e+00 -1.081175e+01
      vertex   3.600000e+01 -4.383623e+00 -1.117057e+01
    endloop
  endfacet
  facet normal -0.000000e+00 -3.302791e-01 -9.438833e-01
    outer loop
      vertex   4.400000e+01 -4.383623e+00 -1.117057e+01
      vertex   3.600000e+01 -4.383623e+00 -1.117057e+01
      vertex   4.400000e+01 -3.536684e+00 -1.146693e+01
    endloop
  endfacet
  facet normal -0.000000e+00 -3.302791e-01 -9.438833e-01
    outer loop
      vertex   4.400000e+01 -3.536684e+00 -1.146693e+01
      vertex   3.600000e+01 -4.383623e+00 -1.117057e+01
      vertex   3.600000e+01 -3.536684e+00 -1.146693e+01
    endloop
  endfacet
  facet normal -0.000000e+00 -2.588190e-01 -9.659258e-01
    outer loop
      vertex   4.400000e+01 -3.536684e+00 -1.146693e+01
      vertex   3.600000e+01 -3.536684e+00 -1.146693e+01
      vertex   4.400000e+01 -2.669966e+00 -1.169917e+01
    endloop
  endfacet
  facet normal -0.000000e+00 -2.588190e-01 -9.659258e-01
    outer loop
      vertex   4.400000e+01 -2.669966e+00 -1.169917e+01
      vertex   3.600000e+01 -3.536684e+00 -1.146693e+01
      vertex   3.600000e+01 -2.669966e+00 -1.169917e+01
    endloop
  endfacet
  facet normal -0.000000e+00 -1.859116e-01 -9.825665e-01
    outer loop
      vertex   4.400000e+01 -2.669966e+00 -1.169917e+01
      vertex   3.600000e+01 -2.669966e+00 -1.169917e+01
      vertex   4.400000e+01 -1.788316e+00 -1.186598e+01
    endloop
  endfacet
  facet normal 0.000000e+00 -2.588190e-01 9.659258e-01
    outer loop
      vertex   4.400000e+01 -2.669966e+00 1.169660e+01
      vertex   4.400000e+01 -3.536684e+00 1.146436e+01
      vertex   5.200000e+01 -3.536684e+00 1.146436e+01
    endloop
  endfacet
  facet normal 0.000000e+00 -3.302791e-01 9.438833e-01
    outer loop
      vertex   5.200000e+01 -3.536684e+00 1.146436e+01
      vertex   4.400000e+01 -3.536684e+00 1.146436e+01
      vertex   5.200000e+01 -4.383623e+00 1.116801e+01
    endloop
  endfacet
  facet normal 0.000000e+00 -3.302791e-01 9.438833e-01
    outer loop
      vertex   5.200000e+01 -3.536684e+00 1.146436e+01
      vertex   5.200000e+01 -4.383623e+00 1.116801e+01
      vertex   6.000000e+01 -4.383623e+00 1.116801e+01
    endloop
  endfacet
  facet normal 0.000000e+00 -3.998920e-01 9.165623e-01
    outer loop
      vertex   6.000000e+01 -4.383623e+00 1.116801e+01
      vertex   5.200000e+01 -4.383623e+00 1.116801e+01
      vertex   6.000000e+01 -5.206048e+00 1.080919e+01
    endloop
  endfacet
  facet normal 0.000000e+00 -3.302791e-01 9.438833e-01
    outer loop
      vertex   5.200000e+01 -4.383623e+00 1.116801e+01
      vertex   4.400000e+01 -3.536684e+00 1.146436e+01
      vertex   4.400000e+01 -4.383623e+00 1.116801e+01
    endloop
  endfacet
  facet normal 0.000000e+00 -3.998920e-01 9.165623e-01
    outer loop
      vertex   5.200000e+01 -4.383623e+00 1.116801e+01
      vertex   4.400000e+01 -4.383623e+00 1.116801e+01
      vertex   5.200000e+01 -5.206048e+00 1.080919e+01
    endloop
  endfacet
  facet normal 0.000000e+00 -3.998920e-01 9.165623e-01
    outer loop
      vertex   5.200000e+01 -5.206048e+00 1.080919e+01
      vertex   4.400000e+01 -4.383623e+00 1.116801e+01
      vertex   4.400000e+01 -5.206048e+00 1.080919e+01
    endloop
  endfacet
  facet normal 0.000000e+00 -4.672686e-01 8.841154e-01
    outer loop
      vertex   5.200000e+01 -5.206048e+00 1.080919e+01
      vertex   4.400000e+01 -5.206048e+00 1.080919e+01
      vertex   5.200000e+01 -5.999358e+00 1.038991e+01
    endloop
  endfacet
  facet normal 0.000000e+00 -4.672686e-01 8.841154e-01
    outer loop
      vertex   5.200000e+01 -5.999358e+00 1.038991e+01
      vertex   4.400000e+01 -5.206048e+00 1.080919e+01
      vertex   4.400000e+01 -5.999358e+00 1.038991e+01
    endloop
  endfacet
  facet normal 0.000000e+00 -5.320321e-01 8.467242e-01
    outer loop
      vertex   5.200000e+01 -5.999358e+00 1.038991e+01
      vertex   4.400000e+01 -5.999358e+00 1.038991e+01
      vertex   5.200000e+01 -6.759118e+00 9.912521e+00
    endloop
  endfacet
  facet normal 0.000000e+00 -5.320321e-01 8.467242e-01
    outer loop
      vertex   5.200000e+01 -6.759118e+00 9.912521e+00
      vertex   4.400000e+01 -5.999358e+00 1.038991e+01
      vertex   4.400000e+01 -6.759118e+00 9.912521e+00
    endloop
  endfacet
  facet normal 0.000000e+00 -5.938202e-01 8.045978e-01
    outer loop
      vertex   5.200000e+01 -6.759118e+00 9.912521e+00
      vertex   4.400000e+01 -6.759118e+00 9.912521e+00
      vertex   5.200000e+01 -7.481077e+00 9.379691e+00
    endloop
  endfacet
  facet normal 0.000000e+00 -5.938202e-01 8.045978e-01
    outer loop
      vertex   5.200000e+01 -7.481077e+00 9.379691e+00
      vertex   4.400000e+01 -6.759118e+00 9.912521e+00
      vertex   4.400000e+01 -7.481077e+00 9.379691e+00
    endloop
  endfacet
  facet normal 0.000000e+00 -6.522874e-01 7.579717e-01
    outer loop
      vertex   5.200000e+01 -7.481077e+00 9.379691e+00
      vertex   4.400000e+01 -7.481077e+00 9.379691e+00
      vertex   5.200000e+01 -8.161200e+00 8.794398e+00
    endloop
  endfacet
  facet normal 0.000000e+00 -6.522874e-01 7.579717e-01
    outer loop
      vertex   5.200000e+01 -8.161200e+00 8.794398e+00
      vertex   4.400000e+01 -7.481077e+00 9.379691e+00
      vertex   4.400000e+01 -8.161200e+00 8.794398e+00
    endloop
  endfacet
  facet normal 0.000000e+00 -7.071068e-01 7.071068e-01
    outer loop
      vertex   5.200000e+01 -8.161200e+00 8.794398e+00
      vertex   4.400000e+01 -8.161200e+00 8.794398e+00
      vertex   5.200000e+01 -8.795682e+00 8.159916e+00
    endloop
  endfacet
  facet normal 0.000000e+00 -7.071068e-01 7.071068e-01
    outer loop
      vertex   5.200000e+01 -8.795682e+00 8.159916e+00
      vertex   4.400000e+01 -8.161200e+00 8.794398e+00
      vertex   4.400000e+01 -8.795682e+00 8.159916e+00
    endloop
  endfacet
  facet normal 0.000000e+00 -7.579717e-01 6.522874e-01
    outer loop
      vertex   5.200000e+01 -8.795682e+00 8.159916e+00
      vertex   4.400000e+01 -8.795682e+00 8.159916e+00
      vertex   5.200000e+01 -9.380974e+00 7.479794e+00
    endloop
  endfacet
  facet normal 0.000000e+00 -7.579717e-01 6.522874e-01
    outer loop
      vertex   5.200000e+01 -9.380974e+00 7.479794e+00
      vertex   4.400000e+01 -8.795682e+00 8.159916e+00
      vertex   4.400000e+01 -9.380974e+00 7.479794e+00
    endloop
  endfacet
  facet normal 0.000000e+00 -8.045978e-01 5.938202e-01
    outer loop
      vertex   5.200000e+01 -9.380974e+00 7.479794e+00
      vertex   4.400000e+01 -9.380974e+00 7.479794e+00
      vertex   5.200000e+01 -9.913805e+00 6.757834e+00
    endloop
  endfacet
  facet normal 0.000000e+00 -8.045978e-01 5.938202e-01
    outer loop
      vertex   5.200000e+01 -9.913805e+00 6.757834e+00
      vertex   4.400000e+01 -9.380974e+00 7.479794e+00
      vertex   4.400000e+01 -9.913805e+00 6.757834e+00
    endloop
  endfacet
  facet normal 0.000000e+00 -8.467242e-01 5.320321e-01
    outer loop
      vertex   5.200000e+01 -9.913805e+00 6.757834e+00
      vertex   4.400000e+01 -9.913805e+00 6.757834e+00
      vertex   5.200000e+01 -1.039119e+01 5.998075e+00
    endloop
  endfacet
  facet normal 0.000000e+00 -8.467242e-01 5.320321e-01
    outer loop
      vertex   5.200000e+01 -1.039119e+01 5.998075e+00
      vertex   4.400000e+01 -9.913805e+00 6.757834e+00
      vertex   4.400000e+01 -1.039119e+01 5.998075e+00
    endloop
  endfacet
  facet normal 0.000000e+00 -8.841154e-01 4.672686e-01
    outer loop
      vertex   5.200000e+01 -1.039119e+01 5.998075e+00
      vertex   4.400000e+01 -1.039119e+01 5.998075e+00
      vertex   5.200000e+01 -1.081047e+01 5.204764e+00
    endloop
  endfacet
  facet normal 0.000000e+00 -8.841154e-01 4.672686e-01
    outer loop
      vertex   5.200000e+01 -1.081047e+01 5.204764e+00
      vertex   4.400000e+01 -1.039119e+01 5.998075e+00
      vertex   4.400000e+01 -1.081047e+01 5.204764e+00
    endloop
  endfacet
  facet normal 0.000000e+00 -9.165623e-01 3.998920e-01
    outer loop
      vertex   5.200000e+01 -1.081047e+01 5.204764e+00
      vertex   4.400000e+01 -1.081047e+01 5.204764e+00
      vertex   5.200000e+01 -1.116929e+01 4.382340e+00
    endloop
  endfacet
  facet normal 0.000000e+00 -9.165623e-01 3.998920e-01
    outer loop
      vertex   5.200000e+01 -1.116929e+01 4.382340e+00
      vertex   4.400000e+01 -1.081047e+01 5.204764e+00
      vertex   4.400000e+01 -1.116929e+01 4.382340e+00
    endloop
  endfacet
  facet normal 0.000000e+00 -9.438833e-01 3.302791e-01
    outer loop
      vertex   5.200000e+01 -1.116929e+01 4.382340e+00
      vertex   4.400000e+01 -1.116929e+01 4.382340e+00
      vertex   5.200000e+01 -1.146565e+01 3.535400e+00
    endloop
  endfacet
  facet normal 0.000000e+00 -9.438833e-01 3.302791e-01
    outer loop
      vertex   5.200000e+01 -1.146565e+01 3.535400e+00
      vertex   4.400000e+01 -1.116929e+01 4.382340e+00
      vertex   4.400000e+01 -1.146565e+01 3.535400e+00
    endloop
  endfacet
  facet normal 0.000000e+00 -9.659258e-01 2.588190e-01
    outer loop
      vertex   5.200000e+01 -1.146565e+01 3.535400e+00
      vertex   4.400000e+01 -1.146565e+01 3.535400e+00
      vertex   5.200000e+01 -1.169788e+01 2.668682e+00
    endloop
  endfacet
  facet normal 0.000000e+00 -9.659258e-01 2.588190e-01
    outer loop
      vertex   5.200000e+01 -1.169788e+01 2.668682e+00
      vertex   4.400000e+01 -1.146565e+01 3.535400e+00
      vertex   4.400000e+01 -1.169788e+01 2.668682e+00
    endloop
  endfacet
  facet normal 0.000000e+00 -9.825665e-01 1.859116e-01
    outer loop
      vertex   5.200000e+01 -1.169788e+01 2.668682e+00
      vertex   4.400000e+01 -1.169788e+01 2.668682e+00
      vertex   5.200000e+01 -1.186470e+01 1.787032e+00
    endloop
  endfacet
  facet normal 0.000000e+00 -9.825665e-01 1.859116e-01
    outer loop
      vertex   5.200000e+01 -1.186470e+01 1.787032e+00
      vertex   4.400000e+01 -1.169788e+01 2.668682e+00
      vertex   4.400000e+01 -1.186470e+01 1.787032e+00
    endloop
  endfacet
  facet normal 0.000000e+00 -9.937122e-01 1.119645e-01
    outer loop
      vertex   5.200000e+01 -1.186470e+01 1.787032e+00
      vertex   4.400000e+01 -1.186470e+01 1.787032e+00
      vertex   5.200000e+01 -1.196517e+01 8.953817e-01
    endloop
  endfacet
  facet normal 0.000000e+00 -9.937122e-01 1.119645e-01
    outer loop
      vertex   5.200000e+01 -1.196517e+01 8.953817e-01
      vertex   4.400000e+01 -1.186470e+01 1.787032e+00
      vertex   4.400000e+01 -1.196517e+01 8.953817e-01
    endloop
  endfacet
  facet normal 0.000000e+00 -9.993007e-01 3.739119e-02
    outer loop
      vertex   5.200000e+01 -1.196517e+01 8.953817e-01
      vertex   4.400000e+01 -1.196517e+01 8.953817e-01
      vertex   5.200000e+01 -1.199872e+01 -1.283549e-03
    endloop
  endfacet
  facet normal 0.000000e+00 -9.993007e-01 3.739119e-02
    outer loop
      vertex   5.200000e+01 -1.199872e+01 -1.283549e-03
      vertex   4.400000e+01 -1.196517e+01 8.953817e-01
      vertex   4.400000e+01 -1.199872e+01 -1.283549e-03
    endloop
  endfacet
  facet normal -0.000000e+00 -9.993007e-01 -3.739119e-02
    outer loop
      vertex   5.200000e+01 -1.199872e+01 -1.283549e-03
      vertex   4.400000e+01 -1.199872e+01 -1.283549e-03
      vertex   5.200000e+01 -1.196517e+01 -8.979488e-01
    endloop
  endfacet
  facet normal -0.000000e+00 -9.993007e-01 -3.739119e-02
    outer loop
      vertex   5.200000e+01 -1.196517e+01 -8.979488e-01
      vertex   4.400000e+01 -1.199872e+01 -1.283549e-03
      vertex   4.400000e+01 -1.196517e+01 -8.979488e-01
    endloop
  endfacet
  facet normal -0.000000e+00 -9.937122e-01 -1.119645e-01
    outer loop
      vertex   5.200000e+01 -1.196517e+01 -8.979488e-01
      vertex   4.400000e+01 -1.196517e+01 -8.979488e-01
      vertex   5.200000e+01 -1.186470e+01 -1.789599e+00
    endloop
  endfacet
  facet normal -0.000000e+00 -9.937122e-01 -1.119645e-01
    outer loop
      vertex   5.200000e+01 -1.186470e+01 -1.789599e+00
      vertex   4.400000e+01 -1.196517e+01 -8.979488e-01
      vertex   4.400000e+01 -1.186470e+01 -1.789599e+00
    endloop
  endfacet
  facet normal -0.000000e+00 -9.825665e-01 -1.859116e-01
    outer loop
      vertex   5.200000e+01 -1.186470e+01 -1.789599e+00
      vertex   4.400000e+01 -1.186470e+01 -1.789599e+00
      vertex   5.200000e+01 -1.169788e+01 -2.671249e+00
    endloop
  endfacet
  facet normal -0.000000e+00 -9.825665e-01 -1.859116e-01
    outer loop
      vertex   5.200000e+01 -1.169788e+01 -2.671249e+00
      vertex   4.400000e+01 -1.186470e+01 -1.789599e+00
      vertex   4.400000e+01 -1.169788e+01 -2.671249e+00
    endloop
  endfacet
  facet normal -0.000000e+00 -9.659258e-01 -2.588190e-01
    outer loop
      vertex   5.200000e+01 -1.169788e+01 -2.671249e+00
      vertex   4.400000e+01 -1.169788e+01 -2.671249e+00
      vertex   5.200000e+01 -1.146565e+01 -3.537967e+00
    endloop
  endfacet
  facet normal -0.000000e+00 -9.659258e-01 -2.588190e-01
    outer loop
      vertex   5.200000e+01 -1.146565e+01 -3.537967e+00
      vertex   4.400000e+01 -1.169788e+01 -2.671249e+00
      vertex   4.400000e+01 -1.146565e+01 -3.537967e+00
    endloop
  endfacet
  facet normal -0.000000e+00 -9.438833e-01 -3.302791e-01
    outer loop
      vertex   5.200000e+01 -1.146565e+01 -3.537967e+00
      vertex   4.400000e+01 -1.146565e+01 -3.537967e+00
      vertex   5.200000e+01 -1.116929e+01 -4.384907e+00
    endloop
  endfacet
  facet normal -0.000000e+00 -9.438833e-01 -3.302791e-01
    outer loop
      vertex   5.200000e+01 -1.116929e+01 -4.384907e+00
      vertex   4.400000e+01 -1.146565e+01 -3.537967e+00
      vertex   4.400000e+01 -1.116929e+01 -4.384907e+00
    endloop
  endfacet
  facet normal -0.000000e+00 -9.165623e-01 -3.998920e-01
    outer loop
      vertex   5.200000e+01 -1.116929e+01 -4.384907e+00
      vertex   4.400000e+01 -1.116929e+01 -4.384907e+00
      vertex   5.200000e+01 -1.081047e+01 -5.207332e+00
    endloop
  endfacet
  facet normal -0.000000e+00 -9.165623e-01 -3.998920e-01
    outer loop
      vertex   5.200000e+01 -1.081047e+01 -5.207332e+00
      vertex   4.400000e+01 -1.116929e+01 -4.384907e+00
      vertex   4.400000e+01 -1.081047e+01 -5.207332e+00
    endloop
  endfacet
  facet normal -0.000000e+00 -8.841154e-01 -4.672686e-01
    outer loop
      vertex   5.200000e+01 -1.081047e+01 -5.207332e+00
      vertex   4.400000e+01 -1.081047e+01 -5.207332e+00
      vertex   5.200000e+01 -1.039119e+01 -6.000642e+00
    endloop
  endfacet
  facet normal -0.000000e+00 -8.841154e-01 -4.672686e-01
    outer loop
      vertex   5.200000e+01 -1.039119e+01 -6.000642e+00
      vertex   4.400000e+01 -1.081047e+01 -5.207332e+00
      vertex   4.400000e+01 -1.039119e+01 -6.000642e+00
    endloop
  endfacet
  facet normal -0.000000e+00 -8.467242e-01 -5.320321e-01
    outer loop
      vertex   5.200000e+01 -1.039119e+01 -6.000642e+00
      vertex   4.400000e+01 -1.039119e+01 -6.000642e+00
      vertex   5.200000e+01 -9.913805e+00 -6.760401e+00
    endloop
  endfacet
  facet normal -0.000000e+00 -8.467242e-01 -5.320321e-01
    outer loop
      vertex   5.200000e+01 -9.913805e+00 -6.760401e+00
      vertex   4.400000e+01 -1.039119e+01 -6.000642e+00
      vertex   4.400000e+01 -9.913805e+00 -6.760401e+00
    endloop
  endfacet
  facet normal -0.000000e+00 -8.045978e-01 -5.938202e-01
    outer loop
      vertex   5.200000e+01 -9.913805e+00 -6.760401e+00
      vertex   4.400000e+01 -9.913805e+00 -6.760401e+00
      vertex   5.200000e+01 -9.380974e+00 -7.482361e+00
    endloop
  endfacet
  facet normal -0.000000e+00 -8.045978e-01 -5.938202e-01
    outer loop
      vertex   5.200000e+01 -9.380974e+00 -7.482361e+00
      vertex   4.400000e+01 -9.913805e+00 -6.760401e+00
      vertex   4.400000e+01 -9.380974e+00 -7.482361e+00
    endloop
  endfacet
  facet normal -0.000000e+00 -7.579717e-01 -6.522874e-01
    outer loop
      vertex   5.200000e+01 -9.380974e+00 -7.482361e+00
      vertex   4.400000e+01 -9.380974e+00 -7.482361e+00
      vertex   5.200000e+01 -8.795682e+00 -8.162483e+00
    endloop
  endfacet
  facet normal -0.000000e+00 -7.579717e-01 -6.522874e-01
    outer loop
      vertex   5.200000e+01 -8.795682e+00 -8.162483e+00
      vertex   4.400000e+01 -9.380974e+00 -7.482361e+00
      vertex   4.400000e+01 -8.795682e+00 -8.162483e+00
    endloop
  endfacet
  facet normal -0.000000e+00 -7.071068e-01 -7.071068e-01
    outer loop
      vertex   5.200000e+01 -8.795682e+00 -8.162483e+00
      vertex   4.400000e+01 -8.795682e+00 -8.162483e+00
      vertex   5.200000e+01 -8.161200e+00 -8.796965e+00
    endloop
  endfacet
  facet normal -0.000000e+00 -7.071068e-01 -7.071068e-01
    outer loop
      vertex   5.200000e+01 -8.161200e+00 -8.796965e+00
      vertex   4.400000e+01 -8.795682e+00 -8.162483e+00
      vertex   4.400000e+01 -8.161200e+00 -8.796965e+00
    endloop
  endfacet
  facet normal -0.000000e+00 -6.522874e-01 -7.579717e-01
    outer loop
      vertex   5.200000e+01 -8.161200e+00 -8.796965e+00
      vertex   4.400000e+01 -8.161200e+00 -8.796965e+00
      vertex   5.200000e+01 -7.481077e+00 -9.382258e+00
    endloop
  endfacet
  facet normal -0.000000e+00 -6.522874e-01 -7.579717e-01
    outer loop
      vertex   5.200000e+01 -7.481077e+00 -9.382258e+00
      vertex   4.400000e+01 -8.161200e+00 -8.796965e+00
      vertex   4.400000e+01 -7.481077e+00 -9.382258e+00
    endloop
  endfacet
  facet normal -0.000000e+00 -5.938202e-01 -8.045978e-01
    outer loop
      vertex   5.200000e+01 -7.481077e+00 -9.382258e+00
      vertex   4.400000e+01 -7.481077e+00 -9.382258e+00
      vertex   5.200000e+01 -6.759118e+00 -9.915088e+00
    endloop
  endfacet
  facet normal -0.000000e+00 -5.938202e-01 -8.045978e-01
    outer loop
      vertex   5.200000e+01 -6.759118e+00 -9.915088e+00
      vertex   4.400000e+01 -7.481077e+00 -9.382258e+00
      vertex   4.400000e+01 -6.759118e+00 -9.915088e+00
    endloop
  endfacet
  facet normal -0.000000e+00 -5.320321e-01 -8.467242e-01
    outer loop
      vertex   5.200000e+01 -6.759118e+00 -9.915088e+00
      vertex   4.400000e+01 -6.759118e+00 -9.915088e+00
      vertex   5.200000e+01 -5.999358e+00 -1.039248e+01
    endloop
  endfacet
  facet normal -0.000000e+00 -5.320321e-01 -8.467242e-01
    outer loop
      vertex   5.200000e+01 -5.999358e+00 -1.039248e+01
      vertex   4.400000e+01 -6.759118e+00 -9.915088e+00
      vertex   4.400000e+01 -5.999358e+00 -1.039248e+01
    endloop
  endfacet
  facet normal -0.000000e+00 -4.672686e-01 -8.841154e-01
    outer loop
      vertex   5.200000e+01 -5.999358e+00 -1.039248e+01
      vertex   4.400000e+01 -5.999358e+00 -1.039248e+01
      vertex   5.200000e+01 -5.206048e+00 -1.081175e+01
    endloop
  endfacet
  facet normal -0.000000e+00 -4.672686e-01 -8.841154e-01
    outer loop
      vertex   5.200000e+01 -5.206048e+00 -1.081175e+01
      vertex   4.400000e+01 -5.999358e+00 -1.039248e+01
      vertex   4.400000e+01 -5.206048e+00 -1.081175e+01
    endloop
  endfacet
  facet normal -0.000000e+00 -3.998920e-01 -9.165623e-01
    outer loop
      vertex   5.200000e+01 -5.206048e+00 -1.081175e+01
      vertex   4.400000e+01 -5.206048e+00 -1.081175e+01
      vertex   5.200000e+01 -4.383623e+00 -1.117057e+01
    endloop
  endfacet
  facet normal -0.000000e+00 -3.998920e-01 -9.165623e-01
    outer loop
      vertex   5.200000e+01 -4.383623e+00 -1.117057e+01
      vertex   4.400000e+01 -5.206048e+00 -1.081175e+01
      vertex   4.400000e+01 -4.383623e+00 -1.117057e+01
    endloop
  endfacet
  facet normal -0.000000e+00 -3.302791e-01 -9.438833e-01
    outer loop
      vertex   5.200000e+01 -4.383623e+00 -1.117057e+01
      vertex   4.400000e+01 -4.383623e+00 -1.117057e+01
      vertex   5.200000e+01 -3.536684e+00 -1.146693e+01
    endloop
  endfacet
  facet normal -0.000000e+00 -3.302791e-01 -9.438833e-01
    outer loop
      vertex   5.200000e+01 -3.536684e+00 -1.146693e+01
      vertex   4.400000e+01 -4.383623e+00 -1.117057e+01
      vertex   4.400000e+01 -3.536684e+00 -1.146693e+01
    endloop
  endfacet
  facet normal -0.000000e+00 -2.588190e-01 -9.659258e-01
    outer loop
      vertex   5.200000e+01 -3.536684e+00 -1.146693e+01
      vertex   4.400000e+01 -3.536684e+00 -1.146693e+01
      vertex   5.200000e+01 -2.669966e+00 -1.169917e+01
    endloop
  endfacet
  facet normal -0.000000e+00 -2.588190e-01 -9.659258e-01
    outer loop
      vertex   5.200000e+01 -2.669966e+00 -1.169917e+01
      vertex   4.400000e+01 -3.536684e+00 -1.146693e+01
      vertex   4.400000e+01 -2.669966e+00 -1.169917e+01
    endloop
  endfacet
  facet normal -0.000000e+00 -1.859116e-01 -9.825665e-01
    outer loop
      vertex   5.200000e+01 -2.669966e+00 -1.169917e+01
      vertex   4.400000e+01 -2.669966e+00 -1.169917e+01
      vertex   5.200000e+01 -1.788316e+00 -1.186598e+01
    endloop
  endfacet
  facet normal -0.000000e+00 -1.859116e-01 -9.825665e-01
    outer loop
      vertex   5.200000e+01 -1.788316e+00 -1.186598e+01
      vertex   4.400000e+01 -2.669966e+00 -1.169917e+01
      vertex   4.400000e+01 -1.788316e+00 -1.186598e+01
    endloop
  endfacet
  facet normal -0.000000e+00 -1.119645e-01 -9.937122e-01
    outer loop
      vertex   5.200000e+01 -1.788316e+00 -1.186598e+01
      vertex   4.400000e+01 -1.788316e+00 -1.186598e+01
      vertex   5.200000e+01 -8.966652e-01 -1.196645e+01
    endloop
  endfacet
  facet normal 0.000000e+00 -4.672686e-01 8.841154e-01
    outer loop
      vertex   6.000000e+01 -5.999358e+00 1.038991e+01
      vertex   6.000000e+01 -5.206048e+00 1.080919e+01
      vertex   5.200000e+01 -5.206048e+00 1.080919e+01
    endloop
  endfacet
  facet normal 0.000000e+00 -3.998920e-01 9.165623e-01
    outer loop
      vertex   5.200000e+01 -5.206048e+00 1.080919e+01
      vertex   6.000000e+01 -5.206048e+00 1.080919e+01
      vertex   5.200000e+01 -4.383623e+00 1.116801e+01
    endloop
  endfacet
  facet normal 0.000000e+00 -4.672686e-01 8.841154e-01
    outer loop
      vertex   6.000000e+01 -5.999358e+00 1.038991e+01
      vertex   5.200000e+01 -5.206048e+00 1.080919e+01
      vertex   5.200000e+01 -5.999358e+00 1.038991e+01
    endloop
  endfacet
  facet normal 0.000000e+00 -5.320321e-01 8.467242e-01
    outer loop
      vertex   6.000000e+01 -6.759118e+00 9.912521e+00
      vertex   6.000000e+01 -5.999358e+00 1.038991e+01
      vertex   5.200000e+01 -5.999358e+00 1.038991e+01
    endloop
  endfacet
  facet normal 0.000000e+00 -5.320321e-01 8.467242e-01
    outer loop
      vertex   6.000000e+01 -6.759118e+00 9.912521e+00
      vertex   5.200000e+01 -5.999358e+00 1.038991e+01
      vertex   5.200000e+01 -6.759118e+00 9.912521e+00
    endloop
  endfacet
  facet normal 0.000000e+00 -5.938202e-01 8.045978e-01
    outer loop
      vertex   6.000000e+01 -7.481077e+00 9.379691e+00
      vertex   6.000000e+01 -6.759118e+00 9.912521e+00
      vertex   5.200000e+01 -6.759118e+00 9.912521e+00
    endloop
  endfacet
  facet normal 0.000000e+00 -5.938202e-01 8.045978e-01
    outer loop
      vertex   6.000000e+01 -7.481077e+00 9.379691e+00
      vertex   5.200000e+01 -6.759118e+00 9.912521e+00
      vertex   5.200000e+01 -7.481077e+00 9.379691e+00
    endloop
  endfacet
  facet normal 0.000000e+00 -6.522874e-01 7.579717e-01
    outer loop
      vertex   6.000000e+01 -8.161200e+00 8.794398e+00
      vertex   6.000000e+01 -7.481077e+00 9.379691e+00
      vertex   5.200000e+01 -7.481077e+00 9.379691e+00
    endloop
  endfacet
  facet normal 0.000000e+00 -6.522874e-01 7.579717e-01
    outer loop
      vertex   6.000000e+01 -8.161200e+00 8.794398e+00
      vertex   5.200000e+01 -7.481077e+00 9.379691e+00
      vertex   5.200000e+01 -8.161200e+00 8.794398e+00
    endloop
  endfacet
  facet normal 0.000000e+00 -7.071068e-01 7.071068e-01
    outer loop
      vertex   6.000000e+01 -8.795682e+00 8.159916e+00
      vertex   6.000000e+01 -8.161200e+00 8.794398e+00
      vertex   5.200000e+01 -8.161200e+00 8.794398e+00
    endloop
  endfacet
  facet normal 0.000000e+00 -7.071068e-01 7.071068e-01
    outer loop
      vertex   6.000000e+01 -8.795682e+00 8.159916e+00
      vertex   5.200000e+01 -8.161200e+00 8.794398e+00
      vertex   5.200000e+01 -8.795682e+00 8.159916e+00
    endloop
  endfacet
  facet normal 0.000000e+00 -7.579717e-01 6.522874e-01
    outer loop
      vertex   6.000000e+01 -9.380974e+00 7.479794e+00
      vertex   6.000000e+01 -8.795682e+00 8.159916e+00
      vertex   5.200000e+01 -8.795682e+00 8.159916e+00
    endloop
  endfacet
  facet normal 0.000000e+00 -7.579717e-01 6.522874e-01
    outer loop
      vertex   6.000000e+01 -9.380974e+00 7.479794e+00
      vertex   5.200000e+01 -8.795682e+00 8.159916e+00
      vertex   5.200000e+01 -9.380974e+00 7.479794e+00
    endloop
  endfacet
  facet normal 0.000000e+00 -8.045978e-01 5.938202e-01
    outer loop
      vertex   6.000000e+01 -9.913805e+00 6.757834e+00
      vertex   6.000000e+01 -9.380974e+00 7.479794e+00
      vertex   5.200000e+01 -9.380974e+00 7.479794e+00
    endloop
  endfacet
  facet normal 0.000000e+00 -8.045978e-01 5.938202e-01
    outer loop
      vertex   6.000000e+01 -9.913805e+00 6.757834e+00
      vertex   5.200000e+01 -9.380974e+00 7.479794e+00
      vertex   5.200000e+01 -9.913805e+00 6.757834e+00
    endloop
  endfacet
  facet normal 0.000000e+00 -8.467242e-01 5.320321e-01
    outer loop
      vertex   6.000000e+01 -1.039119e+01 5.998075e+00
      vertex   6.000000e+01 -9.913805e+00 6.757834e+00
      vertex   5.200000e+01 -9.913805e+00 6.757834e+00
    endloop
  endfacet
  facet normal 0.000000e+00 -8.467242e-01 5.320321e-01
    outer loop
      vertex   6.000000e+01 -1.039119e+01 5.998075e+00
      vertex   5.200000e+01 -9.913805e+00 6.757834e+00
      vertex   5.200000e+01 -1.039119e+01 5.998075e+00
    endloop
  endfacet
  facet normal 0.000000e+00 -8.841154e-01 4.672686e-01
    outer loop
      vertex   6.000000e+01 -1.081047e+01 5.204764e+00
      vertex   6.000000e+01 -1.039119e+01 5.998075e+00
      vertex   5.200000e+01 -1.039119e+01 5.998075e+00
    endloop
  endfacet
  facet normal 0.000000e+00 -8.841154e-01 4.672686e-01
    outer loop
      vertex   6.000000e+01 -1.081047e+01 5.204764e+00
      vertex   5.200000e+01 -1.039119e+01 5.998075e+00
      vertex   5.200000e+01 -1.081047e+01 5.204764e+00
    endloop
  endfacet
  facet normal 0.000000e+00 -9.165623e-01 3.998920e-01
    outer loop
      vertex   6.000000e+01 -1.116929e+01 4.382340e+00
      vertex   6.000000e+01 -1.081047e+01 5.204764e+00
      vertex   5.200000e+01 -1.081047e+01 5.204764e+00
    endloop
  endfacet
  facet normal 0.000000e+00 -9.165623e-01 3.998920e-01
    outer loop
      vertex   6.000000e+01 -1.116929e+01 4.382340e+00
      vertex   5.200000e+01 -1.081047e+01 5.204764e+00
      vertex   5.200000e+01 -1.116929e+01 4.382340e+00
    endloop
  endfacet
  facet normal 0.000000e+00 -9.438833e-01 3.302791e-01
    outer loop
      vertex   6.000000e+01 -1.146565e+01 3.535400e+00
      vertex   6.000000e+01 -1.116929e+01 4.382340e+00
      vertex   5.200000e+01 -1.116929e+01 4.382340e+00
    endloop
  endfacet
  facet normal 0.000000e+00 -9.438833e-01 3.302791e-01
    outer loop
      vertex   6.000000e+01 -1.146565e+01 3.535400e+00
      vertex   5.200000e+01 -1.116929e+01 4.382340e+00
      vertex   5.200000e+01 -1.146565e+01 3.535400e+00
    endloop
  endfacet
  facet normal 0.000000e+00 -9.659258e-01 2.588190e-01
    outer loop
      vertex   6.000000e+01 -1.169788e+01 2.668682e+00
      vertex   6.000000e+01 -1.146565e+01 3.535400e+00
      vertex   5.200000e+01 -1.146565e+01 3.535400e+00
    endloop
  endfacet
  facet normal 0.000000e+00 -9.659258e-01 2.588190e-01
    outer loop
      vertex   6.000000e+01 -1.169788e+01 2.668682e+00
      vertex   5.200000e+01 -1.146565e+01 3.535400e+00
      vertex   5.200000e+01 -1.169788e+01 2.668682e+00
    endloop
  endfacet
  facet normal 0.000000e+00 -9.825665e-01 1.859116e-01
    outer loop
      vertex   6.000000e+01 -1.186470e+01 1.787032e+00
      vertex   6.000000e+01 -1.169788e+01 2.668682e+00
      vertex   5.200000e+01 -1.169788e+01 2.668682e+00
    endloop
  endfacet
  facet normal 0.000000e+00 -9.825665e-01 1.859116e-01
    outer loop
      vertex   6.000000e+01 -1.186470e+01 1.787032e+00
      vertex   5.200000e+01 -1.169788e+01 2.668682e+00
      vertex   5.200000e+01 -1.186470e+01 1.787032e+00
    endloop
  endfacet
  facet normal 0.000000e+00 -9.937122e-01 1.119645e-01
    outer loop
      vertex   6.000000e+01 -1.196517e+01 8.953817e-01
      vertex   6.000000e+01 -1.186470e+01 1.787032e+00
      vertex   5.200000e+01 -1.186470e+01 1.787032e+00
    endloop
  endfacet
  facet normal 0.000000e+00 -9.937122e-01 1.119645e-01
    outer loop
      vertex   6.000000e+01 -1.196517e+01 8.953817e-01
      vertex   5.200000e+01 -1.186470e+01 1.787032e+00
      vertex   5.200000e+01 -1.196517e+01 8.953817e-01
    endloop
  endfacet
  facet normal 0.000000e+00 -9.993007e-01 3.739119e-02
    outer loop
      vertex   6.000000e+01 -1.199872e+01 -1.283549e-03
      vertex   6.000000e+01 -1.196517e+01 8.953817e-01
      vertex   5.200000e+01 -1.196517e+01 8.953817e-01
    endloop
  endfacet
  facet normal 0.000000e+00 -9.993007e-01 3.739119e-02
    outer loop
      vertex   6.000000e+01 -1.199872e+01 -1.283549e-03
      vertex   5.200000e+01 -1.196517e+01 8.953817e-01
      vertex   5.200000e+01 -1.199872e+01 -1.283549e-03
    endloop
  endfacet
  facet normal 0.000000e+00 -9.993007e-01 -3.739119e-02
    outer loop
      vertex   6.000000e+01 -1.196517e+01 -8.979488e-01
      vertex   6.000000e+01 -1.199872e+01 -1.283549e-03
      vertex   5.200000e+01 -1.199872e+01 -1.283549e-03
    endloop
  endfacet
  facet normal -0.000000e+00 -9.993007e-01 -3.739119e-02
    outer loop
      vertex   6.000000e+01 -1.196517e+01 -8.979488e-01
      vertex   5.200000e+01 -1.199872e+01 -1.283549e-03
      vertex   5.200000e+01 -1.196517e+01 -8.979488e-01
    endloop
  endfacet
  facet normal 0.000000e+00 -9.937122e-01 -1.119645e-01
    outer loop
      vertex   6.000000e+01 -1.186470e+01 -1.789599e+00
      vertex   6.000000e+01 -1.196517e+01 -8.979488e-01
      vertex   5.200000e+01 -1.196517e+01 -8.979488e-01
    endloop
  endfacet
  facet normal -0.000000e+00 -9.937122e-01 -1.119645e-01
    outer loop
      vertex   6.000000e+01 -1.186470e+01 -1.789599e+00
      vertex   5.200000e+01 -1.196517e+01 -8.979488e-01
      vertex   5.200000e+01 -1.186470e+01 -1.789599e+00
    endloop
  endfacet
  facet normal 0.000000e+00 -9.825665e-01 -1.859116e-01
    outer loop
      vertex   6.000000e+01 -1.169788e+01 -2.671249e+00
      vertex   6.000000e+01 -1.186470e+01 -1.789599e+00
      vertex   5.200000e+01 -1.186470e+01 -1.789599e+00
    endloop
  endfacet
  facet normal -0.000000e+00 -9.825665e-01 -1.859116e-01
    outer loop
      vertex   6.000000e+01 -1.169788e+01 -2.671249e+00
      vertex   5.200000e+01 -1.186470e+01 -1.789599e+00
      vertex   5.200000e+01 -1.169788e+01 -2.671249e+00
    endloop
  endfacet
  facet normal 0.000000e+00 -9.659258e-01 -2.588190e-01
    outer loop
      vertex   6.000000e+01 -1.146565e+01 -3.537967e+00
      vertex   6.000000e+01 -1.169788e+01 -2.671249e+00
      vertex   5.200000e+01 -1.169788e+01 -2.671249e+00
    endloop
  endfacet
  facet normal -0.000000e+00 -9.659258e-01 -2.588190e-01
    outer loop
      vertex   6.000000e+01 -1.146565e+01 -3.537967e+00
      vertex   5.200000e+01 -1.169788e+01 -2.671249e+00
      vertex   5.200000e+01 -1.146565e+01 -3.537967e+00
    endloop
  endfacet
  facet normal 0.000000e+00 -9.438833e-01 -3.302791e-01
    outer loop
      vertex   6.000000e+01 -1.116929e+01 -4.384907e+00
      vertex   6.000000e+01 -1.146565e+01 -3.537967e+00
      vertex   5.200000e+01 -1.146565e+01 -3.537967e+00
    endloop
  endfacet
  facet normal -0.000000e+00 -9.438833e-01 -3.302791e-01
    outer loop
      vertex   6.000000e+01 -1.116929e+01 -4.384907e+00
      vertex   5.200000e+01 -1.146565e+01 -3.537967e+00
      vertex   5.200000e+01 -1.116929e+01 -4.384907e+00
    endloop
  endfacet
  facet normal 0.000000e+00 -9.165623e-01 -3.998920e-01
    outer loop
      vertex   6.000000e+01 -1.081047e+01 -5.207332e+00
      vertex   6.000000e+01 -1.116929e+01 -4.384907e+00
      vertex   5.200000e+01 -1.116929e+01 -4.384907e+00
    endloop
  endfacet
  facet normal -0.000000e+00 -9.165623e-01 -3.998920e-01
    outer loop
      vertex   6.000000e+01 -1.081047e+01 -5.207332e+00
      vertex   5.200000e+01 -1.116929e+01 -4.384907e+00
      vertex   5.200000e+01 -1.081047e+01 -5.207332e+00
    endloop
  endfacet
  facet normal 0.000000e+00 -8.841154e-01 -4.672686e-01
    outer loop
      vertex   6.000000e+01 -1.039119e+01 -6.000642e+00
      vertex   6.000000e+01 -1.081047e+01 -5.207332e+00
      vertex   5.200000e+01 -1.081047e+01 -5.207332e+00
    endloop
  endfacet
  facet normal -0.000000e+00 -8.841154e-01 -4.672686e-01
    outer loop
      vertex   6.000000e+01 -1.039119e+01 -6.000642e+00
      vertex   5.200000e+01 -1.081047e+01 -5.207332e+00
      vertex   5.200000e+01 -1.039119e+01 -6.000642e+00
    endloop
  endfacet
  facet normal 0.000000e+00 -8.467242e-01 -5.320321e-01
    outer loop
      vertex   6.000000e+01 -9.913805e+00 -6.760401e+00
      vertex   6.000000e+01 -1.039119e+01 -6.000642e+00
      vertex   5.200000e+01 -1.039119e+01 -6.000642e+00
    endloop
  endfacet
  facet normal -0.000000e+00 -8.467242e-01 -5.320321e-01
    outer loop
      vertex   6.000000e+01 -9.913805e+00 -6.760401e+00
      vertex   5.200000e+01 -1.039119e+01 -6.000642e+00
      vertex   5.200000e+01 -9.913805e+00 -6.760401e+00
    endloop
  endfacet
  facet normal 0.000000e+00 -8.045978e-01 -5.938202e-01
    outer loop
      vertex   6.000000e+01 -9.380974e+00 -7.482361e+00
      vertex   6.000000e+01 -9.913805e+00 -6.760401e+00
      vertex   5.200000e+01 -9.913805e+00 -6.760401e+00
    endloop
  endfacet
  facet normal -0.000000e+00 -8.045978e-01 -5.938202e-01
    outer loop
      vertex   6.000000e+01 -9.380974e+00 -7.482361e+00
      vertex   5.200000e+01 -9.913805e+00 -6.760401e+00
      vertex   5.200000e+01 -9.380974e+00 -7.482361e+00
    endloop
  endfacet
  facet normal 0.000000e+00 -7.579717e-01 -6.522874e-01
    outer loop
      vertex   6.000000e+01 -8.795682e+00 -8.162483e+00
      vertex   6.000000e+01 -9.380974e+00 -7.482361e+00
      vertex   5.200000e+01 -9.380974e+00 -7.482361e+00
    endloop
  endfacet
  facet normal -0.000000e+00 -7.579717e-01 -6.522874e-01
    outer loop
      vertex   6.000000e+01 -8.795682e+00 -8.162483e+00
      vertex   5.200000e+01 -9.380974e+00 -7.482361e+00
      vertex   5.200000e+01 -8.795682e+00 -8.162483e+00
    endloop
  endfacet
  facet normal 0.000000e+00 -7.071068e-01 -7.071068e-01
    outer loop
      vertex   6.000000e+01 -8.161200e+00 -8.796965e+00
      vertex   6.000000e+01 -8.795682e+00 -8.162483e+00
      vertex   5.200000e+01 -8.795682e+00 -8.162483e+00
    endloop
  endfacet
  facet normal -0.000000e+00 -7.071068e-01 -7.071068e-01
    outer loop
      vertex   6.000000e+01 -8.161200e+00 -8.796965e+00
      vertex   5.200000e+01 -8.795682e+00 -8.162483e+00
      vertex   5.200000e+01 -8.161200e+00 -8.796965e+00
    endloop
  endfacet
  facet normal 0.000000e+00 -6.522874e-01 -7.579717e-01
    outer loop
      vertex   6.000000e+01 -7.481077e+00 -9.382258e+00
      vertex   6.000000e+01 -8.161200e+00 -8.796965e+00
      vertex   5.200000e+01 -8.161200e+00 -8.796965e+00
    endloop
  endfacet
  facet normal -0.000000e+00 -6.522874e-01 -7.579717e-01
    outer loop
      vertex   6.000000e+01 -7.481077e+00 -9.382258e+00
      vertex   5.200000e+01 -8.161200e+00 -8.796965e+00
      vertex   5.200000e+01 -7.481077e+00 -9.382258e+00
    endloop
  endfacet
  facet normal 0.000000e+00 -5.938202e-01 -8.045978e-01
    outer loop
      vertex   6.000000e+01 -6.759118e+00 -9.915088e+00
      vertex   6.000000e+01 -7.481077e+00 -9.382258e+00
      vertex   5.200000e+01 -7.481077e+00 -9.382258e+00
    endloop
  endfacet
  facet normal -0.000000e+00 -5.938202e-01 -8.045978e-01
    outer loop
      vertex   6.000000e+01 -6.759118e+00 -9.915088e+00
      vertex   5.200000e+01 -7.481077e+00 -9.382258e+00
      vertex   5.200000e+01 -6.759118e+00 -9.915088e+00
    endloop
  endfacet
  facet normal 0.000000e+00 -5.320321e-01 -8.467242e-01
    outer loop
      vertex   6.000000e+01 -5.999358e+00 -1.039248e+01
      vertex   6.000000e+01 -6.759118e+00 -9.915088e+00
      vertex   5.200000e+01 -6.759118e+00 -9.915088e+00
    endloop
  endfacet
  facet normal -0.000000e+00 -5.320321e-01 -8.467242e-01
    outer loop
      vertex   6.000000e+01 -5.999358e+00 -1.039248e+01
      vertex   5.200000e+01 -6.759118e+00 -9.915088e+00
      vertex   5.200000e+01 -5.999358e+00 -1.039248e+01
    endloop
  endfacet
  facet normal 0.000000e+00 -4.672686e-01 -8.841154e-01
    outer loop
      vertex   6.000000e+01 -5.206048e+00 -1.081175e+01
      vertex   6.000000e+01 -5.999358e+00 -1.039248e+01
      vertex   5.200000e+01 -5.999358e+00 -1.039248e+01
    endloop
  endfacet
  facet normal -0.000000e+00 -4.672686e-01 -8.841154e-01
    outer loop
      vertex   6.000000e+01 -5.206048e+00 -1.081175e+01
      vertex   5.200000e+01 -5.999358e+00 -1.039248e+01
      vertex   5.200000e+01 -5.206048e+00 -1.081175e+01
    endloop
  endfacet
  facet normal 0.000000e+00 -3.998920e-01 -9.165623e-01
    outer loop
      vertex   6.000000e+01 -4.383623e+00 -1.117057e+01
      vertex   6.000000e+01 -5.206048e+00 -1.081175e+01
      vertex   5.200000e+01 -5.206048e+00 -1.081175e+01
    endloop
  endfacet
  facet normal -0.000000e+00 -3.998920e-01 -9.165623e-01
    outer loop
      vertex   6.000000e+01 -4.383623e+00 -1.117057e+01
      vertex   5.200000e+01 -5.206048e+00 -1.081175e+01
      vertex   5.200000e+01 -4.383623e+00 -1.117057e+01
    endloop
  endfacet
  facet normal 0.000000e+00 -3.302791e-01 -9.438833e-01
    outer loop
      vertex   6.000000e+01 -3.536684e+00 -1.146693e+01
      vertex   6.000000e+01 -4.383623e+00 -1.117057e+01
      vertex   5.200000e+01 -4.383623e+00 -1.117057e+01
    endloop
  endfacet
  facet normal -0.000000e+00 -3.302791e-01 -9.438833e-01
    outer loop
      vertex   6.000000e+01 -3.536684e+00 -1.146693e+01
      vertex   5.200000e+01 -4.383623e+00 -1.117057e+01
      vertex   5.200000e+01 -3.536684e+00 -1.146693e+01
    endloop
  endfacet
  facet normal 0.000000e+00 -2.588190e-01 -9.659258e-01
    outer loop
      vertex   6.000000e+01 -2.669966e+00 -1.169917e+01
      vertex   6.000000e+01 -3.536684e+00 -1.146693e+01
      vertex   5.200000e+01 -3.536684e+00 -1.146693e+01
    endloop
  endfacet
  facet normal -0.000000e+00 -2.588190e-01 -9.659258e-01
    outer loop
      vertex   6.000000e+01 -2.669966e+00 -1.169917e+01
      vertex   5.200000e+01 -3.536684e+00 -1.146693e+01
      vertex   5.200000e+01 -2.669966e+00 -1.169917e+01
    endloop
  endfacet
  facet normal 0.000000e+00 -1.859116e-01 -9.825665e-01
    outer loop
      vertex   6.000000e+01 -1.788316e+00 -1.186598e+01
      vertex   6.000000e+01 -2.669966e+00 -1.169917e+01
      vertex   5.200000e+01 -2.669966e+00 -1.169917e+01
    endloop
  endfacet
  facet normal -0.000000e+00 -1.859116e-01 -9.825665e-01
    outer loop
      vertex   6.000000e+01 -1.788316e+00 -1.186598e+01
      vertex   5.200000e+01 -2.669966e+00 -1.169917e+01
      vertex   5.200000e+01 -1.788316e+00 -1.186598e+01
    endloop
  endfacet
  facet normal 0.000000e+00 -1.119645e-01 -9.937122e-01
    outer loop
      vertex   6.000000e+01 -8.966652e-01 -1.196645e+01
      vertex   6.000000e+01 -1.788316e+00 -1.186598e+01
      vertex   5.200000e+01 -1.788316e+00 -1.186598e+01
    endloop
  endfacet
  facet normal -0.000000e+00 -1.119645e-01 -9.937122e-01
    outer loop
      vertex   6.000000e+01 -8.966652e-01 -1.196645e+01
      vertex   5.200000e+01 -1.788316e+00 -1.186598e+01
      vertex   5.200000e+01 -8.966652e-01 -1.196645e+01
    endloop
  endfacet
endsolid
